<?xml version="1.0" ?>
<System_definition>
	<unit_cell units="bohrradius">1.21210e+01	-3.77945e-06	-0.00000e+00	
-5.66918e-06	1.47292e+01	1.88973e-06	
-1.88973e-06	1.88973e-06	1.55674e+01</unit_cell>
	<atom mass="9.29064e+01" massunits="atomicmassunit" damping_factor="1.00000" gyroratio="1.00000e+00" index_spin="0">
		<position units="bohrradius">6.06052e+00	7.36459e+00	4.63060e+00</position>
		<spinat>-2.16783e-03	-6.67308e-01	4.10612e-06</spinat>
	</atom>
	<atom mass="9.29064e+01" massunits="atomicmassunit" damping_factor="1.00000" gyroratio="1.00000e+00" index_spin="0">
		<position units="bohrradius">-7.73546e-06	7.36459e+00	1.24143e+01</position>
		<spinat>2.16808e-03	-6.67326e-01	3.76810e-06</spinat>
	</atom>
	<atom mass="9.29064e+01" massunits="atomicmassunit" damping_factor="1.00000" gyroratio="1.00000e+00" index_spin="0">
		<position units="bohrradius">-4.67187e-06	7.36458e+00	3.15309e+00</position>
		<spinat>2.16691e-03	-6.67317e-01	3.91694e-06</spinat>
	</atom>
	<atom mass="9.29064e+01" massunits="atomicmassunit" damping_factor="1.00000" gyroratio="1.00000e+00" index_spin="0">
		<position units="bohrradius">6.06052e+00	7.36458e+00	1.09367e+01</position>
		<spinat>-2.16920e-03	-6.67319e-01	4.34530e-06</spinat>
	</atom>
	<atom mass="5.58450e+01" massunits="atomicmassunit" damping_factor="1.00000" gyroratio="1.00000e+00" index_spin="1">
		<position units="bohrradius">1.59163e+00	9.04197e+00	7.78369e+00</position>
		<spinat>1.69779e-02	3.06730e+00	-6.79221e-06</spinat>
	</atom>
	<atom mass="5.58450e+01" massunits="atomicmassunit" damping_factor="1.00000" gyroratio="1.00000e+00" index_spin="2">
		<position units="bohrradius">7.65215e+00	5.68720e+00	-5.03027e-06</position>
		<spinat>-1.69760e-02	3.06731e+00	-3.77136e-06</spinat>
	</atom>
	<atom mass="5.58450e+01" massunits="atomicmassunit" damping_factor="1.00000" gyroratio="1.00000e+00" index_spin="3">
		<position units="bohrradius">1.05294e+01	5.68720e+00	7.78369e+00</position>
		<spinat>1.69793e-02	3.06730e+00	-2.36876e-07</spinat>
	</atom>
	<atom mass="5.58450e+01" massunits="atomicmassunit" damping_factor="1.00000" gyroratio="1.00000e+00" index_spin="4">
		<position units="bohrradius">4.46888e+00	9.04197e+00	3.02815e-06</position>
		<spinat>-1.69751e-02	3.06731e+00	9.49065e-07</spinat>
	</atom>
	<atom mass="1.27600e+02" massunits="atomicmassunit" damping_factor="1.00000" gyroratio="1.00000e+00" index_spin="0">
		<position units="bohrradius">9.09079e+00	2.80880e+00	1.16755e+01</position>
		<spinat>-8.71817e-08	-5.95760e-02	2.05820e-08</spinat>
	</atom>
	<atom mass="1.27600e+02" massunits="atomicmassunit" damping_factor="1.00000" gyroratio="1.00000e+00" index_spin="0">
		<position units="bohrradius">2.85723e+00	4.06027e+00	2.70036e-06</position>
		<spinat>-3.11262e-03	1.86820e-02	-5.10586e-08</spinat>
	</atom>
	<atom mass="1.27600e+02" massunits="atomicmassunit" damping_factor="1.00000" gyroratio="1.00000e+00" index_spin="0">
		<position units="bohrradius">9.26381e+00	1.06689e+01	4.94930e-06</position>
		<spinat>-3.11260e-03	1.86814e-02	1.50981e-08</spinat>
	</atom>
	<atom mass="1.27600e+02" massunits="atomicmassunit" damping_factor="1.00000" gyroratio="1.00000e+00" index_spin="0">
		<position units="bohrradius">3.03025e+00	1.19204e+01	1.16755e+01</position>
		<spinat>8.42152e-10	-5.95755e-02	2.31995e-08</spinat>
	</atom>
	<atom mass="1.27600e+02" massunits="atomicmassunit" damping_factor="1.00000" gyroratio="1.00000e+00" index_spin="0">
		<position units="bohrradius">8.91775e+00	1.06689e+01	7.78368e+00</position>
		<spinat>3.11254e-03	1.86807e-02	-1.12472e-08</spinat>
	</atom>
	<atom mass="1.27600e+02" massunits="atomicmassunit" damping_factor="1.00000" gyroratio="1.00000e+00" index_spin="0">
		<position units="bohrradius">3.20329e+00	4.06029e+00	7.78368e+00</position>
		<spinat>3.11251e-03	1.86814e-02	5.10439e-08</spinat>
	</atom>
	<atom mass="1.27600e+02" massunits="atomicmassunit" damping_factor="1.00000" gyroratio="1.00000e+00" index_spin="0">
		<position units="bohrradius">3.03025e+00	1.19204e+01	3.89185e+00</position>
		<spinat>-4.64613e-08	-5.95769e-02	2.11509e-08</spinat>
	</atom>
	<atom mass="1.27600e+02" massunits="atomicmassunit" damping_factor="1.00000" gyroratio="1.00000e+00" index_spin="0">
		<position units="bohrradius">9.09078e+00	2.80879e+00	3.89185e+00</position>
		<spinat>3.27541e-08	-5.95773e-02	9.10944e-09</spinat>
	</atom>
	<spin_exchange_list units="eV">
		<nterms>16</nterms>
		<spin_exchange_term>
			<ijR>1 3 0 0 0</ijR>
			<data>-8.23255e-03 	 -8.23255e-03 	 -8.23255e-03</data>
		</spin_exchange_term>
		<spin_exchange_term>
			<ijR>1 4 0 0 0</ijR>
			<data>1.35217e-02 	 1.35217e-02 	 1.35217e-02</data>
		</spin_exchange_term>
		<spin_exchange_term>
			<ijR>2 3 0 0 0</ijR>
			<data>1.35216e-02 	 1.35216e-02 	 1.35216e-02</data>
		</spin_exchange_term>
		<spin_exchange_term>
			<ijR>2 4 0 0 0</ijR>
			<data>4.99685e-02 	 4.99685e-02 	 4.99685e-02</data>
		</spin_exchange_term>
		<spin_exchange_term>
			<ijR>3 1 0 0 0</ijR>
			<data>-8.23255e-03 	 -8.23255e-03 	 -8.23255e-03</data>
		</spin_exchange_term>
		<spin_exchange_term>
			<ijR>3 2 0 0 0</ijR>
			<data>1.35216e-02 	 1.35216e-02 	 1.35216e-02</data>
		</spin_exchange_term>
		<spin_exchange_term>
			<ijR>4 1 0 0 0</ijR>
			<data>1.35217e-02 	 1.35217e-02 	 1.35217e-02</data>
		</spin_exchange_term>
		<spin_exchange_term>
			<ijR>4 2 0 0 0</ijR>
			<data>4.99685e-02 	 4.99685e-02 	 4.99685e-02</data>
		</spin_exchange_term>
		<spin_exchange_term>
			<ijR>1 3 -1 0 0</ijR>
			<data>4.99680e-02 	 4.99680e-02 	 4.99680e-02</data>
		</spin_exchange_term>
		<spin_exchange_term>
			<ijR>4 2 -1 0 0</ijR>
			<data>-8.23224e-03 	 -8.23224e-03 	 -8.23224e-03</data>
		</spin_exchange_term>
		<spin_exchange_term>
			<ijR>1 4 0 0 1</ijR>
			<data>1.35221e-02 	 1.35221e-02 	 1.35221e-02</data>
		</spin_exchange_term>
		<spin_exchange_term>
			<ijR>3 2 0 0 1</ijR>
			<data>1.35219e-02 	 1.35219e-02 	 1.35219e-02</data>
		</spin_exchange_term>
		<spin_exchange_term>
			<ijR>2 3 0 0 -1</ijR>
			<data>1.35219e-02 	 1.35219e-02 	 1.35219e-02</data>
		</spin_exchange_term>
		<spin_exchange_term>
			<ijR>4 1 0 0 -1</ijR>
			<data>1.35221e-02 	 1.35221e-02 	 1.35221e-02</data>
		</spin_exchange_term>
		<spin_exchange_term>
			<ijR>2 4 1 0 0</ijR>
			<data>-8.23224e-03 	 -8.23224e-03 	 -8.23224e-03</data>
		</spin_exchange_term>
		<spin_exchange_term>
			<ijR>3 1 1 0 0</ijR>
			<data>4.99680e-02 	 4.99680e-02 	 4.99680e-02</data>
		</spin_exchange_term>
	</spin_exchange_list>
	<spin_DMI_list units="eV">
		<nterms>16</nterms>
		<spin_DMI_term>
			<ijR>1 3 0 0 0</ijR>
			<data>-3.35241e-08 	 -1.64734e-08 	 3.73846e-09</data>
		</spin_DMI_term>
		<spin_DMI_term>
			<ijR>1 4 0 0 0</ijR>
			<data>-6.47381e-04 	 -1.28822e-06 	 -8.30086e-04</data>
		</spin_DMI_term>
		<spin_DMI_term>
			<ijR>2 3 0 0 0</ijR>
			<data>-6.47376e-04 	 1.30958e-06 	 8.30098e-04</data>
		</spin_DMI_term>
		<spin_DMI_term>
			<ijR>2 4 0 0 0</ijR>
			<data>-3.74357e-08 	 -7.11208e-08 	 8.90338e-09</data>
		</spin_DMI_term>
		<spin_DMI_term>
			<ijR>3 1 0 0 0</ijR>
			<data>3.35241e-08 	 1.64734e-08 	 -3.73846e-09</data>
		</spin_DMI_term>
		<spin_DMI_term>
			<ijR>3 2 0 0 0</ijR>
			<data>6.47376e-04 	 -1.30958e-06 	 -8.30098e-04</data>
		</spin_DMI_term>
		<spin_DMI_term>
			<ijR>4 1 0 0 0</ijR>
			<data>6.47381e-04 	 1.28822e-06 	 8.30086e-04</data>
		</spin_DMI_term>
		<spin_DMI_term>
			<ijR>4 2 0 0 0</ijR>
			<data>3.74357e-08 	 7.11208e-08 	 -8.90338e-09</data>
		</spin_DMI_term>
		<spin_DMI_term>
			<ijR>1 3 -1 0 0</ijR>
			<data>-4.54487e-08 	 7.32052e-08 	 1.27689e-08</data>
		</spin_DMI_term>
		<spin_DMI_term>
			<ijR>4 2 -1 0 0</ijR>
			<data>3.39585e-08 	 -7.63050e-09 	 -2.83017e-09</data>
		</spin_DMI_term>
		<spin_DMI_term>
			<ijR>1 4 0 0 1</ijR>
			<data>6.47354e-04 	 1.17528e-06 	 -8.30067e-04</data>
		</spin_DMI_term>
		<spin_DMI_term>
			<ijR>3 2 0 0 1</ijR>
			<data>-6.47362e-04 	 1.20463e-06 	 -8.30051e-04</data>
		</spin_DMI_term>
		<spin_DMI_term>
			<ijR>2 3 0 0 -1</ijR>
			<data>6.47362e-04 	 -1.20463e-06 	 8.30051e-04</data>
		</spin_DMI_term>
		<spin_DMI_term>
			<ijR>4 1 0 0 -1</ijR>
			<data>-6.47354e-04 	 -1.17528e-06 	 8.30067e-04</data>
		</spin_DMI_term>
		<spin_DMI_term>
			<ijR>2 4 1 0 0</ijR>
			<data>-3.39585e-08 	 7.63050e-09 	 2.83017e-09</data>
		</spin_DMI_term>
		<spin_DMI_term>
			<ijR>3 1 1 0 0</ijR>
			<data>4.54487e-08 	 -7.32052e-08 	 -1.27689e-08</data>
		</spin_DMI_term>
	</spin_DMI_list>
	<spin_bilinear_list units="eV">
		<nterms>16</nterms>
		<spin_bilinear_term>
			<ijR>1 3 0 0 0</ijR>
			<data>-1.67148e-04	1.04365e-05	3.94694e-09	1.04365e-05	1.66801e-05	1.02526e-08	3.94694e-09	1.02526e-08	-1.36857e-04</data>
		</spin_bilinear_term>
		<spin_bilinear_term>
			<ijR>1 4 0 0 0</ijR>
			<data>-2.85344e-04	7.96767e-07	-2.94386e-05	7.96767e-07	3.12194e-05	-3.81110e-07	-2.94386e-05	-3.81110e-07	-2.13330e-05</data>
		</spin_bilinear_term>
		<spin_bilinear_term>
			<ijR>2 3 0 0 0</ijR>
			<data>-2.85344e-04	-7.99604e-07	2.94417e-05	-7.99604e-07	3.12210e-05	-3.74086e-07	2.94417e-05	-3.74086e-07	-2.13321e-05</data>
		</spin_bilinear_term>
		<spin_bilinear_term>
			<ijR>2 4 0 0 0</ijR>
			<data>-7.91704e-07	-2.69954e-05	-5.45854e-09	-2.69954e-05	-2.58108e-05	-9.95440e-09	-5.45854e-09	-9.95440e-09	-5.50680e-05</data>
		</spin_bilinear_term>
		<spin_bilinear_term>
			<ijR>3 1 0 0 0</ijR>
			<data>-1.67148e-04	1.04365e-05	3.94694e-09	1.04365e-05	1.66801e-05	1.02526e-08	3.94694e-09	1.02526e-08	-1.36857e-04</data>
		</spin_bilinear_term>
		<spin_bilinear_term>
			<ijR>3 2 0 0 0</ijR>
			<data>-2.85344e-04	-7.99604e-07	2.94417e-05	-7.99604e-07	3.12210e-05	-3.74086e-07	2.94417e-05	-3.74086e-07	-2.13321e-05</data>
		</spin_bilinear_term>
		<spin_bilinear_term>
			<ijR>4 1 0 0 0</ijR>
			<data>-2.85344e-04	7.96767e-07	-2.94386e-05	7.96767e-07	3.12194e-05	-3.81110e-07	-2.94386e-05	-3.81110e-07	-2.13330e-05</data>
		</spin_bilinear_term>
		<spin_bilinear_term>
			<ijR>4 2 0 0 0</ijR>
			<data>-7.91704e-07	-2.69954e-05	-5.45854e-09	-2.69954e-05	-2.58108e-05	-9.95440e-09	-5.45854e-09	-9.95440e-09	-5.50680e-05</data>
		</spin_bilinear_term>
		<spin_bilinear_term>
			<ijR>1 3 -1 0 0</ijR>
			<data>-7.93996e-07	2.70079e-05	1.11244e-08	2.70079e-05	-2.57982e-05	-9.29034e-09	1.11244e-08	-9.29034e-09	-5.50889e-05</data>
		</spin_bilinear_term>
		<spin_bilinear_term>
			<ijR>4 2 -1 0 0</ijR>
			<data>-1.67148e-04	-1.04385e-05	-5.12900e-09	-1.04385e-05	1.66738e-05	9.54987e-09	-5.12900e-09	9.54987e-09	-1.36835e-04</data>
		</spin_bilinear_term>
		<spin_bilinear_term>
			<ijR>1 4 0 0 1</ijR>
			<data>-2.85345e-04	8.00350e-07	2.94581e-05	8.00350e-07	3.12214e-05	3.81676e-07	2.94581e-05	3.81676e-07	-2.13267e-05</data>
		</spin_bilinear_term>
		<spin_bilinear_term>
			<ijR>3 2 0 0 1</ijR>
			<data>-2.85349e-04	-8.02434e-07	-2.94594e-05	-8.02434e-07	3.12242e-05	3.74825e-07	-2.94594e-05	3.74825e-07	-2.13257e-05</data>
		</spin_bilinear_term>
		<spin_bilinear_term>
			<ijR>2 3 0 0 -1</ijR>
			<data>-2.85349e-04	-8.02434e-07	-2.94594e-05	-8.02434e-07	3.12242e-05	3.74825e-07	-2.94594e-05	3.74825e-07	-2.13257e-05</data>
		</spin_bilinear_term>
		<spin_bilinear_term>
			<ijR>4 1 0 0 -1</ijR>
			<data>-2.85345e-04	8.00350e-07	2.94581e-05	8.00350e-07	3.12214e-05	3.81676e-07	2.94581e-05	3.81676e-07	-2.13267e-05</data>
		</spin_bilinear_term>
		<spin_bilinear_term>
			<ijR>2 4 1 0 0</ijR>
			<data>-1.67148e-04	-1.04385e-05	-5.12900e-09	-1.04385e-05	1.66738e-05	9.54987e-09	-5.12900e-09	9.54987e-09	-1.36835e-04</data>
		</spin_bilinear_term>
		<spin_bilinear_term>
			<ijR>3 1 1 0 0</ijR>
			<data>-7.93996e-07	2.70079e-05	1.11244e-08	2.70079e-05	-2.57982e-05	-9.29034e-09	1.11244e-08	-9.29034e-09	-5.50889e-05</data>
		</spin_bilinear_term>
	</spin_bilinear_list>
	<description>Exchange parameters generated by TB2J 0.9.0.1
Generation time: 25/06/22 17:09:48
 Input from non-collinear Siesta data.
 working directory: /Users/s2601697/2d/dft/nft/bulk/spin_y
 fdf_fname: nft_bulk.fdf.
Warning: The DMI component parallel to the spin orientation, the Jani which has the component of that orientation should be disregarded
 e.g. if the spins are along z, the xz, yz, zz, zx, zy components and the z component of DMI.
 If you need these component, try to do three calculations with spin along x, y, z,  or use structure with z rotated to x, y and z. And then use TB2J_merge.py to get the full set of parameters.

</description>
</System_definition>
