<?xml version="1.0" ?>
<System_definition>
	<unit_cell units="bohrradius">1.21210e+01	-3.77945e-06	-0.00000e+00	
-5.66918e-06	1.47292e+01	1.88973e-06	
-1.88973e-06	1.88973e-06	1.55674e+01</unit_cell>
	<atom mass="9.29064e+01" massunits="atomicmassunit" damping_factor="1.00000" gyroratio="1.00000e+00" index_spin="0">
		<position units="bohrradius">6.06052e+00	7.36459e+00	4.63060e+00</position>
		<spinat>-2.16783e-03	-6.67308e-01	4.10612e-06</spinat>
	</atom>
	<atom mass="9.29064e+01" massunits="atomicmassunit" damping_factor="1.00000" gyroratio="1.00000e+00" index_spin="0">
		<position units="bohrradius">-7.73546e-06	7.36459e+00	1.24143e+01</position>
		<spinat>2.16808e-03	-6.67326e-01	3.76810e-06</spinat>
	</atom>
	<atom mass="9.29064e+01" massunits="atomicmassunit" damping_factor="1.00000" gyroratio="1.00000e+00" index_spin="0">
		<position units="bohrradius">-4.67187e-06	7.36458e+00	3.15309e+00</position>
		<spinat>2.16691e-03	-6.67317e-01	3.91694e-06</spinat>
	</atom>
	<atom mass="9.29064e+01" massunits="atomicmassunit" damping_factor="1.00000" gyroratio="1.00000e+00" index_spin="0">
		<position units="bohrradius">6.06052e+00	7.36458e+00	1.09367e+01</position>
		<spinat>-2.16920e-03	-6.67319e-01	4.34530e-06</spinat>
	</atom>
	<atom mass="5.58450e+01" massunits="atomicmassunit" damping_factor="1.00000" gyroratio="1.00000e+00" index_spin="1">
		<position units="bohrradius">1.59163e+00	9.04197e+00	7.78369e+00</position>
		<spinat>1.69779e-02	3.06730e+00	-6.79221e-06</spinat>
	</atom>
	<atom mass="5.58450e+01" massunits="atomicmassunit" damping_factor="1.00000" gyroratio="1.00000e+00" index_spin="2">
		<position units="bohrradius">7.65215e+00	5.68720e+00	-5.03027e-06</position>
		<spinat>-1.69760e-02	3.06731e+00	-3.77136e-06</spinat>
	</atom>
	<atom mass="5.58450e+01" massunits="atomicmassunit" damping_factor="1.00000" gyroratio="1.00000e+00" index_spin="3">
		<position units="bohrradius">1.05294e+01	5.68720e+00	7.78369e+00</position>
		<spinat>1.69793e-02	3.06730e+00	-2.36876e-07</spinat>
	</atom>
	<atom mass="5.58450e+01" massunits="atomicmassunit" damping_factor="1.00000" gyroratio="1.00000e+00" index_spin="4">
		<position units="bohrradius">4.46888e+00	9.04197e+00	3.02815e-06</position>
		<spinat>-1.69751e-02	3.06731e+00	9.49065e-07</spinat>
	</atom>
	<atom mass="1.27600e+02" massunits="atomicmassunit" damping_factor="1.00000" gyroratio="1.00000e+00" index_spin="0">
		<position units="bohrradius">9.09079e+00	2.80880e+00	1.16755e+01</position>
		<spinat>-8.71817e-08	-5.95760e-02	2.05820e-08</spinat>
	</atom>
	<atom mass="1.27600e+02" massunits="atomicmassunit" damping_factor="1.00000" gyroratio="1.00000e+00" index_spin="0">
		<position units="bohrradius">2.85723e+00	4.06027e+00	2.70036e-06</position>
		<spinat>-3.11262e-03	1.86820e-02	-5.10586e-08</spinat>
	</atom>
	<atom mass="1.27600e+02" massunits="atomicmassunit" damping_factor="1.00000" gyroratio="1.00000e+00" index_spin="0">
		<position units="bohrradius">9.26381e+00	1.06689e+01	4.94930e-06</position>
		<spinat>-3.11260e-03	1.86814e-02	1.50981e-08</spinat>
	</atom>
	<atom mass="1.27600e+02" massunits="atomicmassunit" damping_factor="1.00000" gyroratio="1.00000e+00" index_spin="0">
		<position units="bohrradius">3.03025e+00	1.19204e+01	1.16755e+01</position>
		<spinat>8.42152e-10	-5.95755e-02	2.31995e-08</spinat>
	</atom>
	<atom mass="1.27600e+02" massunits="atomicmassunit" damping_factor="1.00000" gyroratio="1.00000e+00" index_spin="0">
		<position units="bohrradius">8.91775e+00	1.06689e+01	7.78368e+00</position>
		<spinat>3.11254e-03	1.86807e-02	-1.12472e-08</spinat>
	</atom>
	<atom mass="1.27600e+02" massunits="atomicmassunit" damping_factor="1.00000" gyroratio="1.00000e+00" index_spin="0">
		<position units="bohrradius">3.20329e+00	4.06029e+00	7.78368e+00</position>
		<spinat>3.11251e-03	1.86814e-02	5.10439e-08</spinat>
	</atom>
	<atom mass="1.27600e+02" massunits="atomicmassunit" damping_factor="1.00000" gyroratio="1.00000e+00" index_spin="0">
		<position units="bohrradius">3.03025e+00	1.19204e+01	3.89185e+00</position>
		<spinat>-4.64613e-08	-5.95769e-02	2.11509e-08</spinat>
	</atom>
	<atom mass="1.27600e+02" massunits="atomicmassunit" damping_factor="1.00000" gyroratio="1.00000e+00" index_spin="0">
		<position units="bohrradius">9.09078e+00	2.80879e+00	3.89185e+00</position>
		<spinat>3.27541e-08	-5.95773e-02	9.10944e-09</spinat>
	</atom>
	<spin_exchange_list units="eV">
		<nterms>136</nterms>
		<spin_exchange_term>
			<ijR>1 1 -1 0 0</ijR>
			<data>3.92354e-03 	 3.92354e-03 	 3.92354e-03</data>
		</spin_exchange_term>
		<spin_exchange_term>
			<ijR>1 2 -1 0 0</ijR>
			<data>-9.20659e-04 	 -9.20659e-04 	 -9.20659e-04</data>
		</spin_exchange_term>
		<spin_exchange_term>
			<ijR>1 3 -1 0 0</ijR>
			<data>4.99680e-02 	 4.99680e-02 	 4.99680e-02</data>
		</spin_exchange_term>
		<spin_exchange_term>
			<ijR>1 4 -1 0 0</ijR>
			<data>-1.05049e-03 	 -1.05049e-03 	 -1.05049e-03</data>
		</spin_exchange_term>
		<spin_exchange_term>
			<ijR>2 2 -1 0 0</ijR>
			<data>3.92333e-03 	 3.92333e-03 	 3.92333e-03</data>
		</spin_exchange_term>
		<spin_exchange_term>
			<ijR>2 3 -1 0 0</ijR>
			<data>-1.05048e-03 	 -1.05048e-03 	 -1.05048e-03</data>
		</spin_exchange_term>
		<spin_exchange_term>
			<ijR>2 4 -1 0 0</ijR>
			<data>1.33314e-03 	 1.33314e-03 	 1.33314e-03</data>
		</spin_exchange_term>
		<spin_exchange_term>
			<ijR>3 2 -1 0 0</ijR>
			<data>5.81786e-05 	 5.81786e-05 	 5.81786e-05</data>
		</spin_exchange_term>
		<spin_exchange_term>
			<ijR>3 3 -1 0 0</ijR>
			<data>3.92352e-03 	 3.92352e-03 	 3.92352e-03</data>
		</spin_exchange_term>
		<spin_exchange_term>
			<ijR>4 1 -1 0 0</ijR>
			<data>5.81638e-05 	 5.81638e-05 	 5.81638e-05</data>
		</spin_exchange_term>
		<spin_exchange_term>
			<ijR>4 2 -1 0 0</ijR>
			<data>-8.23224e-03 	 -8.23224e-03 	 -8.23224e-03</data>
		</spin_exchange_term>
		<spin_exchange_term>
			<ijR>4 3 -1 0 0</ijR>
			<data>-9.21052e-04 	 -9.21052e-04 	 -9.21052e-04</data>
		</spin_exchange_term>
		<spin_exchange_term>
			<ijR>4 4 -1 0 0</ijR>
			<data>3.92337e-03 	 3.92337e-03 	 3.92337e-03</data>
		</spin_exchange_term>
		<spin_exchange_term>
			<ijR>1 1 0 -1 0</ijR>
			<data>3.05277e-05 	 3.05277e-05 	 3.05277e-05</data>
		</spin_exchange_term>
		<spin_exchange_term>
			<ijR>1 4 0 -1 0</ijR>
			<data>-2.84450e-05 	 -2.84450e-05 	 -2.84450e-05</data>
		</spin_exchange_term>
		<spin_exchange_term>
			<ijR>2 1 0 -1 0</ijR>
			<data>9.87177e-05 	 9.87177e-05 	 9.87177e-05</data>
		</spin_exchange_term>
		<spin_exchange_term>
			<ijR>2 2 0 -1 0</ijR>
			<data>3.05326e-05 	 3.05326e-05 	 3.05326e-05</data>
		</spin_exchange_term>
		<spin_exchange_term>
			<ijR>2 3 0 -1 0</ijR>
			<data>-2.84691e-05 	 -2.84691e-05 	 -2.84691e-05</data>
		</spin_exchange_term>
		<spin_exchange_term>
			<ijR>2 4 0 -1 0</ijR>
			<data>2.07096e-04 	 2.07096e-04 	 2.07096e-04</data>
		</spin_exchange_term>
		<spin_exchange_term>
			<ijR>3 1 0 -1 0</ijR>
			<data>-1.27730e-05 	 -1.27730e-05 	 -1.27730e-05</data>
		</spin_exchange_term>
		<spin_exchange_term>
			<ijR>3 2 0 -1 0</ijR>
			<data>-2.84505e-05 	 -2.84505e-05 	 -2.84505e-05</data>
		</spin_exchange_term>
		<spin_exchange_term>
			<ijR>3 3 0 -1 0</ijR>
			<data>3.05280e-05 	 3.05280e-05 	 3.05280e-05</data>
		</spin_exchange_term>
		<spin_exchange_term>
			<ijR>3 4 0 -1 0</ijR>
			<data>9.87315e-05 	 9.87315e-05 	 9.87315e-05</data>
		</spin_exchange_term>
		<spin_exchange_term>
			<ijR>4 1 0 -1 0</ijR>
			<data>-2.84768e-05 	 -2.84768e-05 	 -2.84768e-05</data>
		</spin_exchange_term>
		<spin_exchange_term>
			<ijR>4 2 0 -1 0</ijR>
			<data>-3.38857e-04 	 -3.38857e-04 	 -3.38857e-04</data>
		</spin_exchange_term>
		<spin_exchange_term>
			<ijR>4 4 0 -1 0</ijR>
			<data>3.05325e-05 	 3.05325e-05 	 3.05325e-05</data>
		</spin_exchange_term>
		<spin_exchange_term>
			<ijR>1 1 0 0 -1</ijR>
			<data>4.22943e-03 	 4.22943e-03 	 4.22943e-03</data>
		</spin_exchange_term>
		<spin_exchange_term>
			<ijR>1 3 0 0 -1</ijR>
			<data>-2.72295e-04 	 -2.72295e-04 	 -2.72295e-04</data>
		</spin_exchange_term>
		<spin_exchange_term>
			<ijR>2 1 0 0 -1</ijR>
			<data>-9.21158e-04 	 -9.21158e-04 	 -9.21158e-04</data>
		</spin_exchange_term>
		<spin_exchange_term>
			<ijR>2 2 0 0 -1</ijR>
			<data>4.22942e-03 	 4.22942e-03 	 4.22942e-03</data>
		</spin_exchange_term>
		<spin_exchange_term>
			<ijR>2 3 0 0 -1</ijR>
			<data>1.35219e-02 	 1.35219e-02 	 1.35219e-02</data>
		</spin_exchange_term>
		<spin_exchange_term>
			<ijR>2 4 0 0 -1</ijR>
			<data>4.28559e-03 	 4.28559e-03 	 4.28559e-03</data>
		</spin_exchange_term>
		<spin_exchange_term>
			<ijR>3 1 0 0 -1</ijR>
			<data>-2.72118e-04 	 -2.72118e-04 	 -2.72118e-04</data>
		</spin_exchange_term>
		<spin_exchange_term>
			<ijR>3 3 0 0 -1</ijR>
			<data>4.22943e-03 	 4.22943e-03 	 4.22943e-03</data>
		</spin_exchange_term>
		<spin_exchange_term>
			<ijR>4 1 0 0 -1</ijR>
			<data>1.35221e-02 	 1.35221e-02 	 1.35221e-02</data>
		</spin_exchange_term>
		<spin_exchange_term>
			<ijR>4 2 0 0 -1</ijR>
			<data>4.28559e-03 	 4.28559e-03 	 4.28559e-03</data>
		</spin_exchange_term>
		<spin_exchange_term>
			<ijR>4 3 0 0 -1</ijR>
			<data>-9.20726e-04 	 -9.20726e-04 	 -9.20726e-04</data>
		</spin_exchange_term>
		<spin_exchange_term>
			<ijR>4 4 0 0 -1</ijR>
			<data>4.22941e-03 	 4.22941e-03 	 4.22941e-03</data>
		</spin_exchange_term>
		<spin_exchange_term>
			<ijR>1 2 0 0 0</ijR>
			<data>-9.20680e-04 	 -9.20680e-04 	 -9.20680e-04</data>
		</spin_exchange_term>
		<spin_exchange_term>
			<ijR>1 3 0 0 0</ijR>
			<data>-8.23255e-03 	 -8.23255e-03 	 -8.23255e-03</data>
		</spin_exchange_term>
		<spin_exchange_term>
			<ijR>1 4 0 0 0</ijR>
			<data>1.35217e-02 	 1.35217e-02 	 1.35217e-02</data>
		</spin_exchange_term>
		<spin_exchange_term>
			<ijR>2 1 0 0 0</ijR>
			<data>-9.20680e-04 	 -9.20680e-04 	 -9.20680e-04</data>
		</spin_exchange_term>
		<spin_exchange_term>
			<ijR>2 3 0 0 0</ijR>
			<data>1.35216e-02 	 1.35216e-02 	 1.35216e-02</data>
		</spin_exchange_term>
		<spin_exchange_term>
			<ijR>2 4 0 0 0</ijR>
			<data>4.99685e-02 	 4.99685e-02 	 4.99685e-02</data>
		</spin_exchange_term>
		<spin_exchange_term>
			<ijR>3 1 0 0 0</ijR>
			<data>-8.23255e-03 	 -8.23255e-03 	 -8.23255e-03</data>
		</spin_exchange_term>
		<spin_exchange_term>
			<ijR>3 2 0 0 0</ijR>
			<data>1.35216e-02 	 1.35216e-02 	 1.35216e-02</data>
		</spin_exchange_term>
		<spin_exchange_term>
			<ijR>3 4 0 0 0</ijR>
			<data>-9.21084e-04 	 -9.21084e-04 	 -9.21084e-04</data>
		</spin_exchange_term>
		<spin_exchange_term>
			<ijR>4 1 0 0 0</ijR>
			<data>1.35217e-02 	 1.35217e-02 	 1.35217e-02</data>
		</spin_exchange_term>
		<spin_exchange_term>
			<ijR>4 2 0 0 0</ijR>
			<data>4.99685e-02 	 4.99685e-02 	 4.99685e-02</data>
		</spin_exchange_term>
		<spin_exchange_term>
			<ijR>4 3 0 0 0</ijR>
			<data>-9.21084e-04 	 -9.21084e-04 	 -9.21084e-04</data>
		</spin_exchange_term>
		<spin_exchange_term>
			<ijR>1 1 0 0 1</ijR>
			<data>4.22943e-03 	 4.22943e-03 	 4.22943e-03</data>
		</spin_exchange_term>
		<spin_exchange_term>
			<ijR>1 2 0 0 1</ijR>
			<data>-9.21158e-04 	 -9.21158e-04 	 -9.21158e-04</data>
		</spin_exchange_term>
		<spin_exchange_term>
			<ijR>1 3 0 0 1</ijR>
			<data>-2.72118e-04 	 -2.72118e-04 	 -2.72118e-04</data>
		</spin_exchange_term>
		<spin_exchange_term>
			<ijR>1 4 0 0 1</ijR>
			<data>1.35221e-02 	 1.35221e-02 	 1.35221e-02</data>
		</spin_exchange_term>
		<spin_exchange_term>
			<ijR>2 2 0 0 1</ijR>
			<data>4.22942e-03 	 4.22942e-03 	 4.22942e-03</data>
		</spin_exchange_term>
		<spin_exchange_term>
			<ijR>2 4 0 0 1</ijR>
			<data>4.28559e-03 	 4.28559e-03 	 4.28559e-03</data>
		</spin_exchange_term>
		<spin_exchange_term>
			<ijR>3 1 0 0 1</ijR>
			<data>-2.72295e-04 	 -2.72295e-04 	 -2.72295e-04</data>
		</spin_exchange_term>
		<spin_exchange_term>
			<ijR>3 2 0 0 1</ijR>
			<data>1.35219e-02 	 1.35219e-02 	 1.35219e-02</data>
		</spin_exchange_term>
		<spin_exchange_term>
			<ijR>3 3 0 0 1</ijR>
			<data>4.22943e-03 	 4.22943e-03 	 4.22943e-03</data>
		</spin_exchange_term>
		<spin_exchange_term>
			<ijR>3 4 0 0 1</ijR>
			<data>-9.20726e-04 	 -9.20726e-04 	 -9.20726e-04</data>
		</spin_exchange_term>
		<spin_exchange_term>
			<ijR>4 2 0 0 1</ijR>
			<data>4.28559e-03 	 4.28559e-03 	 4.28559e-03</data>
		</spin_exchange_term>
		<spin_exchange_term>
			<ijR>4 4 0 0 1</ijR>
			<data>4.22941e-03 	 4.22941e-03 	 4.22941e-03</data>
		</spin_exchange_term>
		<spin_exchange_term>
			<ijR>1 1 0 1 0</ijR>
			<data>3.05277e-05 	 3.05277e-05 	 3.05277e-05</data>
		</spin_exchange_term>
		<spin_exchange_term>
			<ijR>1 2 0 1 0</ijR>
			<data>9.87177e-05 	 9.87177e-05 	 9.87177e-05</data>
		</spin_exchange_term>
		<spin_exchange_term>
			<ijR>1 3 0 1 0</ijR>
			<data>-1.27730e-05 	 -1.27730e-05 	 -1.27730e-05</data>
		</spin_exchange_term>
		<spin_exchange_term>
			<ijR>1 4 0 1 0</ijR>
			<data>-2.84768e-05 	 -2.84768e-05 	 -2.84768e-05</data>
		</spin_exchange_term>
		<spin_exchange_term>
			<ijR>2 2 0 1 0</ijR>
			<data>3.05326e-05 	 3.05326e-05 	 3.05326e-05</data>
		</spin_exchange_term>
		<spin_exchange_term>
			<ijR>2 3 0 1 0</ijR>
			<data>-2.84505e-05 	 -2.84505e-05 	 -2.84505e-05</data>
		</spin_exchange_term>
		<spin_exchange_term>
			<ijR>2 4 0 1 0</ijR>
			<data>-3.38857e-04 	 -3.38857e-04 	 -3.38857e-04</data>
		</spin_exchange_term>
		<spin_exchange_term>
			<ijR>3 2 0 1 0</ijR>
			<data>-2.84691e-05 	 -2.84691e-05 	 -2.84691e-05</data>
		</spin_exchange_term>
		<spin_exchange_term>
			<ijR>3 3 0 1 0</ijR>
			<data>3.05280e-05 	 3.05280e-05 	 3.05280e-05</data>
		</spin_exchange_term>
		<spin_exchange_term>
			<ijR>4 1 0 1 0</ijR>
			<data>-2.84450e-05 	 -2.84450e-05 	 -2.84450e-05</data>
		</spin_exchange_term>
		<spin_exchange_term>
			<ijR>4 2 0 1 0</ijR>
			<data>2.07096e-04 	 2.07096e-04 	 2.07096e-04</data>
		</spin_exchange_term>
		<spin_exchange_term>
			<ijR>4 3 0 1 0</ijR>
			<data>9.87315e-05 	 9.87315e-05 	 9.87315e-05</data>
		</spin_exchange_term>
		<spin_exchange_term>
			<ijR>4 4 0 1 0</ijR>
			<data>3.05325e-05 	 3.05325e-05 	 3.05325e-05</data>
		</spin_exchange_term>
		<spin_exchange_term>
			<ijR>1 1 1 0 0</ijR>
			<data>3.92354e-03 	 3.92354e-03 	 3.92354e-03</data>
		</spin_exchange_term>
		<spin_exchange_term>
			<ijR>1 4 1 0 0</ijR>
			<data>5.81638e-05 	 5.81638e-05 	 5.81638e-05</data>
		</spin_exchange_term>
		<spin_exchange_term>
			<ijR>2 1 1 0 0</ijR>
			<data>-9.20659e-04 	 -9.20659e-04 	 -9.20659e-04</data>
		</spin_exchange_term>
		<spin_exchange_term>
			<ijR>2 2 1 0 0</ijR>
			<data>3.92333e-03 	 3.92333e-03 	 3.92333e-03</data>
		</spin_exchange_term>
		<spin_exchange_term>
			<ijR>2 3 1 0 0</ijR>
			<data>5.81786e-05 	 5.81786e-05 	 5.81786e-05</data>
		</spin_exchange_term>
		<spin_exchange_term>
			<ijR>2 4 1 0 0</ijR>
			<data>-8.23224e-03 	 -8.23224e-03 	 -8.23224e-03</data>
		</spin_exchange_term>
		<spin_exchange_term>
			<ijR>3 1 1 0 0</ijR>
			<data>4.99680e-02 	 4.99680e-02 	 4.99680e-02</data>
		</spin_exchange_term>
		<spin_exchange_term>
			<ijR>3 2 1 0 0</ijR>
			<data>-1.05048e-03 	 -1.05048e-03 	 -1.05048e-03</data>
		</spin_exchange_term>
		<spin_exchange_term>
			<ijR>3 3 1 0 0</ijR>
			<data>3.92352e-03 	 3.92352e-03 	 3.92352e-03</data>
		</spin_exchange_term>
		<spin_exchange_term>
			<ijR>3 4 1 0 0</ijR>
			<data>-9.21052e-04 	 -9.21052e-04 	 -9.21052e-04</data>
		</spin_exchange_term>
		<spin_exchange_term>
			<ijR>4 1 1 0 0</ijR>
			<data>-1.05049e-03 	 -1.05049e-03 	 -1.05049e-03</data>
		</spin_exchange_term>
		<spin_exchange_term>
			<ijR>4 2 1 0 0</ijR>
			<data>1.33314e-03 	 1.33314e-03 	 1.33314e-03</data>
		</spin_exchange_term>
		<spin_exchange_term>
			<ijR>4 4 1 0 0</ijR>
			<data>3.92337e-03 	 3.92337e-03 	 3.92337e-03</data>
		</spin_exchange_term>
		<spin_exchange_term>
			<ijR>1 2 -1 0 1</ijR>
			<data>-9.21009e-04 	 -9.21009e-04 	 -9.21009e-04</data>
		</spin_exchange_term>
		<spin_exchange_term>
			<ijR>1 3 -1 0 1</ijR>
			<data>4.28558e-03 	 4.28558e-03 	 4.28558e-03</data>
		</spin_exchange_term>
		<spin_exchange_term>
			<ijR>1 4 -1 0 1</ijR>
			<data>-1.05066e-03 	 -1.05066e-03 	 -1.05066e-03</data>
		</spin_exchange_term>
		<spin_exchange_term>
			<ijR>3 2 -1 0 1</ijR>
			<data>5.80742e-05 	 5.80742e-05 	 5.80742e-05</data>
		</spin_exchange_term>
		<spin_exchange_term>
			<ijR>4 2 -1 0 1</ijR>
			<data>-2.72146e-04 	 -2.72146e-04 	 -2.72146e-04</data>
		</spin_exchange_term>
		<spin_exchange_term>
			<ijR>1 2 -1 1 0</ijR>
			<data>9.87216e-05 	 9.87216e-05 	 9.87216e-05</data>
		</spin_exchange_term>
		<spin_exchange_term>
			<ijR>1 3 -1 1 0</ijR>
			<data>2.07106e-04 	 2.07106e-04 	 2.07106e-04</data>
		</spin_exchange_term>
		<spin_exchange_term>
			<ijR>4 2 -1 1 0</ijR>
			<data>-1.27694e-05 	 -1.27694e-05 	 -1.27694e-05</data>
		</spin_exchange_term>
		<spin_exchange_term>
			<ijR>4 3 -1 1 0</ijR>
			<data>9.87318e-05 	 9.87318e-05 	 9.87318e-05</data>
		</spin_exchange_term>
		<spin_exchange_term>
			<ijR>1 2 -1 1 1</ijR>
			<data>9.87242e-05 	 9.87242e-05 	 9.87242e-05</data>
		</spin_exchange_term>
		<spin_exchange_term>
			<ijR>1 2 0 1 1</ijR>
			<data>9.87212e-05 	 9.87212e-05 	 9.87212e-05</data>
		</spin_exchange_term>
		<spin_exchange_term>
			<ijR>1 4 0 1 1</ijR>
			<data>-2.84602e-05 	 -2.84602e-05 	 -2.84602e-05</data>
		</spin_exchange_term>
		<spin_exchange_term>
			<ijR>3 2 0 1 1</ijR>
			<data>-2.84525e-05 	 -2.84525e-05 	 -2.84525e-05</data>
		</spin_exchange_term>
		<spin_exchange_term>
			<ijR>1 3 -2 0 0</ijR>
			<data>1.33318e-03 	 1.33318e-03 	 1.33318e-03</data>
		</spin_exchange_term>
		<spin_exchange_term>
			<ijR>1 3 -1 -1 0</ijR>
			<data>-3.38873e-04 	 -3.38873e-04 	 -3.38873e-04</data>
		</spin_exchange_term>
		<spin_exchange_term>
			<ijR>1 3 -1 0 -1</ijR>
			<data>4.28565e-03 	 4.28565e-03 	 4.28565e-03</data>
		</spin_exchange_term>
		<spin_exchange_term>
			<ijR>2 3 -1 0 -1</ijR>
			<data>-1.05065e-03 	 -1.05065e-03 	 -1.05065e-03</data>
		</spin_exchange_term>
		<spin_exchange_term>
			<ijR>4 1 -1 0 -1</ijR>
			<data>5.80325e-05 	 5.80325e-05 	 5.80325e-05</data>
		</spin_exchange_term>
		<spin_exchange_term>
			<ijR>4 2 -1 0 -1</ijR>
			<data>-2.72319e-04 	 -2.72319e-04 	 -2.72319e-04</data>
		</spin_exchange_term>
		<spin_exchange_term>
			<ijR>4 3 -1 0 -1</ijR>
			<data>-9.20667e-04 	 -9.20667e-04 	 -9.20667e-04</data>
		</spin_exchange_term>
		<spin_exchange_term>
			<ijR>1 4 0 -1 1</ijR>
			<data>-2.84834e-05 	 -2.84834e-05 	 -2.84834e-05</data>
		</spin_exchange_term>
		<spin_exchange_term>
			<ijR>3 2 0 -1 1</ijR>
			<data>-2.84817e-05 	 -2.84817e-05 	 -2.84817e-05</data>
		</spin_exchange_term>
		<spin_exchange_term>
			<ijR>3 4 0 -1 1</ijR>
			<data>9.87100e-05 	 9.87100e-05 	 9.87100e-05</data>
		</spin_exchange_term>
		<spin_exchange_term>
			<ijR>1 4 1 0 1</ijR>
			<data>5.80325e-05 	 5.80325e-05 	 5.80325e-05</data>
		</spin_exchange_term>
		<spin_exchange_term>
			<ijR>2 4 1 0 1</ijR>
			<data>-2.72319e-04 	 -2.72319e-04 	 -2.72319e-04</data>
		</spin_exchange_term>
		<spin_exchange_term>
			<ijR>3 1 1 0 1</ijR>
			<data>4.28565e-03 	 4.28565e-03 	 4.28565e-03</data>
		</spin_exchange_term>
		<spin_exchange_term>
			<ijR>3 2 1 0 1</ijR>
			<data>-1.05065e-03 	 -1.05065e-03 	 -1.05065e-03</data>
		</spin_exchange_term>
		<spin_exchange_term>
			<ijR>3 4 1 0 1</ijR>
			<data>-9.20667e-04 	 -9.20667e-04 	 -9.20667e-04</data>
		</spin_exchange_term>
		<spin_exchange_term>
			<ijR>2 1 0 -1 -1</ijR>
			<data>9.87212e-05 	 9.87212e-05 	 9.87212e-05</data>
		</spin_exchange_term>
		<spin_exchange_term>
			<ijR>2 3 0 -1 -1</ijR>
			<data>-2.84525e-05 	 -2.84525e-05 	 -2.84525e-05</data>
		</spin_exchange_term>
		<spin_exchange_term>
			<ijR>4 1 0 -1 -1</ijR>
			<data>-2.84602e-05 	 -2.84602e-05 	 -2.84602e-05</data>
		</spin_exchange_term>
		<spin_exchange_term>
			<ijR>2 1 1 -1 -1</ijR>
			<data>9.87242e-05 	 9.87242e-05 	 9.87242e-05</data>
		</spin_exchange_term>
		<spin_exchange_term>
			<ijR>2 1 1 -1 0</ijR>
			<data>9.87216e-05 	 9.87216e-05 	 9.87216e-05</data>
		</spin_exchange_term>
		<spin_exchange_term>
			<ijR>2 4 1 -1 0</ijR>
			<data>-1.27694e-05 	 -1.27694e-05 	 -1.27694e-05</data>
		</spin_exchange_term>
		<spin_exchange_term>
			<ijR>3 1 1 -1 0</ijR>
			<data>2.07106e-04 	 2.07106e-04 	 2.07106e-04</data>
		</spin_exchange_term>
		<spin_exchange_term>
			<ijR>3 4 1 -1 0</ijR>
			<data>9.87318e-05 	 9.87318e-05 	 9.87318e-05</data>
		</spin_exchange_term>
		<spin_exchange_term>
			<ijR>2 1 1 0 -1</ijR>
			<data>-9.21009e-04 	 -9.21009e-04 	 -9.21009e-04</data>
		</spin_exchange_term>
		<spin_exchange_term>
			<ijR>2 3 1 0 -1</ijR>
			<data>5.80742e-05 	 5.80742e-05 	 5.80742e-05</data>
		</spin_exchange_term>
		<spin_exchange_term>
			<ijR>2 4 1 0 -1</ijR>
			<data>-2.72146e-04 	 -2.72146e-04 	 -2.72146e-04</data>
		</spin_exchange_term>
		<spin_exchange_term>
			<ijR>3 1 1 0 -1</ijR>
			<data>4.28558e-03 	 4.28558e-03 	 4.28558e-03</data>
		</spin_exchange_term>
		<spin_exchange_term>
			<ijR>4 1 1 0 -1</ijR>
			<data>-1.05066e-03 	 -1.05066e-03 	 -1.05066e-03</data>
		</spin_exchange_term>
		<spin_exchange_term>
			<ijR>2 3 0 1 -1</ijR>
			<data>-2.84817e-05 	 -2.84817e-05 	 -2.84817e-05</data>
		</spin_exchange_term>
		<spin_exchange_term>
			<ijR>4 1 0 1 -1</ijR>
			<data>-2.84834e-05 	 -2.84834e-05 	 -2.84834e-05</data>
		</spin_exchange_term>
		<spin_exchange_term>
			<ijR>4 3 0 1 -1</ijR>
			<data>9.87100e-05 	 9.87100e-05 	 9.87100e-05</data>
		</spin_exchange_term>
		<spin_exchange_term>
			<ijR>3 1 1 1 0</ijR>
			<data>-3.38873e-04 	 -3.38873e-04 	 -3.38873e-04</data>
		</spin_exchange_term>
		<spin_exchange_term>
			<ijR>3 1 2 0 0</ijR>
			<data>1.33318e-03 	 1.33318e-03 	 1.33318e-03</data>
		</spin_exchange_term>
		<spin_exchange_term>
			<ijR>3 4 1 -1 1</ijR>
			<data>9.87110e-05 	 9.87110e-05 	 9.87110e-05</data>
		</spin_exchange_term>
		<spin_exchange_term>
			<ijR>4 3 -1 1 -1</ijR>
			<data>9.87110e-05 	 9.87110e-05 	 9.87110e-05</data>
		</spin_exchange_term>
	</spin_exchange_list>
	<spin_DMI_list units="eV">
		<nterms>136</nterms>
		<spin_DMI_term>
			<ijR>1 1 -1 0 0</ijR>
			<data>4.71314e-08 	 1.42434e-08 	 -2.48168e-04</data>
		</spin_DMI_term>
		<spin_DMI_term>
			<ijR>1 2 -1 0 0</ijR>
			<data>4.97044e-05 	 1.73981e-04 	 -2.40663e-05</data>
		</spin_DMI_term>
		<spin_DMI_term>
			<ijR>1 3 -1 0 0</ijR>
			<data>-4.54487e-08 	 7.32052e-08 	 1.27689e-08</data>
		</spin_DMI_term>
		<spin_DMI_term>
			<ijR>1 4 -1 0 0</ijR>
			<data>-1.34397e-04 	 7.56757e-09 	 -8.16701e-04</data>
		</spin_DMI_term>
		<spin_DMI_term>
			<ijR>2 2 -1 0 0</ijR>
			<data>4.65336e-08 	 -1.20636e-08 	 2.48193e-04</data>
		</spin_DMI_term>
		<spin_DMI_term>
			<ijR>2 3 -1 0 0</ijR>
			<data>-1.34399e-04 	 1.55306e-08 	 8.16708e-04</data>
		</spin_DMI_term>
		<spin_DMI_term>
			<ijR>2 4 -1 0 0</ijR>
			<data>4.18856e-10 	 -4.97933e-08 	 3.06311e-09</data>
		</spin_DMI_term>
		<spin_DMI_term>
			<ijR>3 2 -1 0 0</ijR>
			<data>-5.03997e-05 	 6.01651e-08 	 7.14560e-05</data>
		</spin_DMI_term>
		<spin_DMI_term>
			<ijR>3 3 -1 0 0</ijR>
			<data>-2.24524e-08 	 -4.83891e-08 	 2.48175e-04</data>
		</spin_DMI_term>
		<spin_DMI_term>
			<ijR>4 1 -1 0 0</ijR>
			<data>-5.04033e-05 	 -7.01824e-08 	 -7.14573e-05</data>
		</spin_DMI_term>
		<spin_DMI_term>
			<ijR>4 2 -1 0 0</ijR>
			<data>3.39585e-08 	 -7.63050e-09 	 -2.83017e-09</data>
		</spin_DMI_term>
		<spin_DMI_term>
			<ijR>4 3 -1 0 0</ijR>
			<data>4.96440e-05 	 1.73937e-04 	 2.40668e-05</data>
		</spin_DMI_term>
		<spin_DMI_term>
			<ijR>4 4 -1 0 0</ijR>
			<data>-2.33408e-08 	 5.63885e-08 	 -2.48187e-04</data>
		</spin_DMI_term>
		<spin_DMI_term>
			<ijR>1 1 0 -1 0</ijR>
			<data>-1.40143e-08 	 1.31516e-08 	 -1.11470e-05</data>
		</spin_DMI_term>
		<spin_DMI_term>
			<ijR>1 4 0 -1 0</ijR>
			<data>-2.13548e-05 	 2.24905e-06 	 -3.83919e-05</data>
		</spin_DMI_term>
		<spin_DMI_term>
			<ijR>2 1 0 -1 0</ijR>
			<data>-1.32160e-05 	 7.69775e-06 	 1.48151e-05</data>
		</spin_DMI_term>
		<spin_DMI_term>
			<ijR>2 2 0 -1 0</ijR>
			<data>1.43974e-08 	 1.47115e-08 	 -1.11485e-05</data>
		</spin_DMI_term>
		<spin_DMI_term>
			<ijR>2 3 0 -1 0</ijR>
			<data>-2.13946e-05 	 1.95187e-06 	 3.83549e-05</data>
		</spin_DMI_term>
		<spin_DMI_term>
			<ijR>2 4 0 -1 0</ijR>
			<data>2.07893e-09 	 -2.46546e-08 	 -1.80027e-09</data>
		</spin_DMI_term>
		<spin_DMI_term>
			<ijR>3 1 0 -1 0</ijR>
			<data>-8.20214e-09 	 -3.69237e-08 	 -3.63006e-10</data>
		</spin_DMI_term>
		<spin_DMI_term>
			<ijR>3 2 0 -1 0</ijR>
			<data>2.13483e-05 	 2.22931e-06 	 -3.83939e-05</data>
		</spin_DMI_term>
		<spin_DMI_term>
			<ijR>3 3 0 -1 0</ijR>
			<data>1.17982e-08 	 3.28078e-09 	 1.11503e-05</data>
		</spin_DMI_term>
		<spin_DMI_term>
			<ijR>3 4 0 -1 0</ijR>
			<data>-1.31651e-05 	 7.69379e-06 	 -1.48342e-05</data>
		</spin_DMI_term>
		<spin_DMI_term>
			<ijR>4 1 0 -1 0</ijR>
			<data>2.13881e-05 	 1.93029e-06 	 3.83561e-05</data>
		</spin_DMI_term>
		<spin_DMI_term>
			<ijR>4 2 0 -1 0</ijR>
			<data>5.08698e-09 	 5.23950e-08 	 -3.51706e-09</data>
		</spin_DMI_term>
		<spin_DMI_term>
			<ijR>4 4 0 -1 0</ijR>
			<data>-1.16835e-08 	 6.25389e-09 	 1.11451e-05</data>
		</spin_DMI_term>
		<spin_DMI_term>
			<ijR>1 1 0 0 -1</ijR>
			<data>-2.59552e-04 	 1.37663e-04 	 -2.54547e-08</data>
		</spin_DMI_term>
		<spin_DMI_term>
			<ijR>1 3 0 0 -1</ijR>
			<data>1.46277e-08 	 -4.29032e-09 	 3.13349e-09</data>
		</spin_DMI_term>
		<spin_DMI_term>
			<ijR>2 1 0 0 -1</ijR>
			<data>-4.36296e-05 	 1.73603e-04 	 2.40513e-05</data>
		</spin_DMI_term>
		<spin_DMI_term>
			<ijR>2 2 0 0 -1</ijR>
			<data>2.59544e-04 	 1.37686e-04 	 -2.23233e-08</data>
		</spin_DMI_term>
		<spin_DMI_term>
			<ijR>2 3 0 0 -1</ijR>
			<data>6.47362e-04 	 -1.20463e-06 	 8.30051e-04</data>
		</spin_DMI_term>
		<spin_DMI_term>
			<ijR>2 4 0 0 -1</ijR>
			<data>-1.56702e-08 	 1.64592e-08 	 -3.85314e-08</data>
		</spin_DMI_term>
		<spin_DMI_term>
			<ijR>3 1 0 0 -1</ijR>
			<data>-1.20883e-08 	 1.38369e-09 	 3.03091e-09</data>
		</spin_DMI_term>
		<spin_DMI_term>
			<ijR>3 3 0 0 -1</ijR>
			<data>2.59544e-04 	 -1.37662e-04 	 -1.10239e-08</data>
		</spin_DMI_term>
		<spin_DMI_term>
			<ijR>4 1 0 0 -1</ijR>
			<data>-6.47354e-04 	 -1.17528e-06 	 8.30067e-04</data>
		</spin_DMI_term>
		<spin_DMI_term>
			<ijR>4 2 0 0 -1</ijR>
			<data>2.42337e-08 	 -8.07195e-09 	 -4.07819e-08</data>
		</spin_DMI_term>
		<spin_DMI_term>
			<ijR>4 3 0 0 -1</ijR>
			<data>4.36899e-05 	 -1.73669e-04 	 2.40512e-05</data>
		</spin_DMI_term>
		<spin_DMI_term>
			<ijR>4 4 0 0 -1</ijR>
			<data>-2.59552e-04 	 -1.37688e-04 	 -5.61471e-09</data>
		</spin_DMI_term>
		<spin_DMI_term>
			<ijR>1 2 0 0 0</ijR>
			<data>-4.36376e-05 	 1.73611e-04 	 -2.40702e-05</data>
		</spin_DMI_term>
		<spin_DMI_term>
			<ijR>1 3 0 0 0</ijR>
			<data>-3.35241e-08 	 -1.64734e-08 	 3.73846e-09</data>
		</spin_DMI_term>
		<spin_DMI_term>
			<ijR>1 4 0 0 0</ijR>
			<data>-6.47381e-04 	 -1.28822e-06 	 -8.30086e-04</data>
		</spin_DMI_term>
		<spin_DMI_term>
			<ijR>2 1 0 0 0</ijR>
			<data>4.36376e-05 	 -1.73611e-04 	 2.40702e-05</data>
		</spin_DMI_term>
		<spin_DMI_term>
			<ijR>2 3 0 0 0</ijR>
			<data>-6.47376e-04 	 1.30958e-06 	 8.30098e-04</data>
		</spin_DMI_term>
		<spin_DMI_term>
			<ijR>2 4 0 0 0</ijR>
			<data>-3.74357e-08 	 -7.11208e-08 	 8.90338e-09</data>
		</spin_DMI_term>
		<spin_DMI_term>
			<ijR>3 1 0 0 0</ijR>
			<data>3.35241e-08 	 1.64734e-08 	 -3.73846e-09</data>
		</spin_DMI_term>
		<spin_DMI_term>
			<ijR>3 2 0 0 0</ijR>
			<data>6.47376e-04 	 -1.30958e-06 	 -8.30098e-04</data>
		</spin_DMI_term>
		<spin_DMI_term>
			<ijR>3 4 0 0 0</ijR>
			<data>4.35793e-05 	 -1.73570e-04 	 -2.40756e-05</data>
		</spin_DMI_term>
		<spin_DMI_term>
			<ijR>4 1 0 0 0</ijR>
			<data>6.47381e-04 	 1.28822e-06 	 8.30086e-04</data>
		</spin_DMI_term>
		<spin_DMI_term>
			<ijR>4 2 0 0 0</ijR>
			<data>3.74357e-08 	 7.11208e-08 	 -8.90338e-09</data>
		</spin_DMI_term>
		<spin_DMI_term>
			<ijR>4 3 0 0 0</ijR>
			<data>-4.35793e-05 	 1.73570e-04 	 2.40756e-05</data>
		</spin_DMI_term>
		<spin_DMI_term>
			<ijR>1 1 0 0 1</ijR>
			<data>2.59552e-04 	 -1.37663e-04 	 2.54547e-08</data>
		</spin_DMI_term>
		<spin_DMI_term>
			<ijR>1 2 0 0 1</ijR>
			<data>4.36296e-05 	 -1.73603e-04 	 -2.40513e-05</data>
		</spin_DMI_term>
		<spin_DMI_term>
			<ijR>1 3 0 0 1</ijR>
			<data>1.20883e-08 	 -1.38369e-09 	 -3.03091e-09</data>
		</spin_DMI_term>
		<spin_DMI_term>
			<ijR>1 4 0 0 1</ijR>
			<data>6.47354e-04 	 1.17528e-06 	 -8.30067e-04</data>
		</spin_DMI_term>
		<spin_DMI_term>
			<ijR>2 2 0 0 1</ijR>
			<data>-2.59544e-04 	 -1.37686e-04 	 2.23233e-08</data>
		</spin_DMI_term>
		<spin_DMI_term>
			<ijR>2 4 0 0 1</ijR>
			<data>-2.42337e-08 	 8.07195e-09 	 4.07819e-08</data>
		</spin_DMI_term>
		<spin_DMI_term>
			<ijR>3 1 0 0 1</ijR>
			<data>-1.46277e-08 	 4.29032e-09 	 -3.13349e-09</data>
		</spin_DMI_term>
		<spin_DMI_term>
			<ijR>3 2 0 0 1</ijR>
			<data>-6.47362e-04 	 1.20463e-06 	 -8.30051e-04</data>
		</spin_DMI_term>
		<spin_DMI_term>
			<ijR>3 3 0 0 1</ijR>
			<data>-2.59544e-04 	 1.37662e-04 	 1.10239e-08</data>
		</spin_DMI_term>
		<spin_DMI_term>
			<ijR>3 4 0 0 1</ijR>
			<data>-4.36899e-05 	 1.73669e-04 	 -2.40512e-05</data>
		</spin_DMI_term>
		<spin_DMI_term>
			<ijR>4 2 0 0 1</ijR>
			<data>1.56702e-08 	 -1.64592e-08 	 3.85314e-08</data>
		</spin_DMI_term>
		<spin_DMI_term>
			<ijR>4 4 0 0 1</ijR>
			<data>2.59552e-04 	 1.37688e-04 	 5.61471e-09</data>
		</spin_DMI_term>
		<spin_DMI_term>
			<ijR>1 1 0 1 0</ijR>
			<data>1.40143e-08 	 -1.31516e-08 	 1.11470e-05</data>
		</spin_DMI_term>
		<spin_DMI_term>
			<ijR>1 2 0 1 0</ijR>
			<data>1.32160e-05 	 -7.69775e-06 	 -1.48151e-05</data>
		</spin_DMI_term>
		<spin_DMI_term>
			<ijR>1 3 0 1 0</ijR>
			<data>8.20214e-09 	 3.69237e-08 	 3.63006e-10</data>
		</spin_DMI_term>
		<spin_DMI_term>
			<ijR>1 4 0 1 0</ijR>
			<data>-2.13881e-05 	 -1.93029e-06 	 -3.83561e-05</data>
		</spin_DMI_term>
		<spin_DMI_term>
			<ijR>2 2 0 1 0</ijR>
			<data>-1.43974e-08 	 -1.47115e-08 	 1.11485e-05</data>
		</spin_DMI_term>
		<spin_DMI_term>
			<ijR>2 3 0 1 0</ijR>
			<data>-2.13483e-05 	 -2.22931e-06 	 3.83939e-05</data>
		</spin_DMI_term>
		<spin_DMI_term>
			<ijR>2 4 0 1 0</ijR>
			<data>-5.08698e-09 	 -5.23950e-08 	 3.51706e-09</data>
		</spin_DMI_term>
		<spin_DMI_term>
			<ijR>3 2 0 1 0</ijR>
			<data>2.13946e-05 	 -1.95187e-06 	 -3.83549e-05</data>
		</spin_DMI_term>
		<spin_DMI_term>
			<ijR>3 3 0 1 0</ijR>
			<data>-1.17982e-08 	 -3.28078e-09 	 -1.11503e-05</data>
		</spin_DMI_term>
		<spin_DMI_term>
			<ijR>4 1 0 1 0</ijR>
			<data>2.13548e-05 	 -2.24905e-06 	 3.83919e-05</data>
		</spin_DMI_term>
		<spin_DMI_term>
			<ijR>4 2 0 1 0</ijR>
			<data>-2.07893e-09 	 2.46546e-08 	 1.80027e-09</data>
		</spin_DMI_term>
		<spin_DMI_term>
			<ijR>4 3 0 1 0</ijR>
			<data>1.31651e-05 	 -7.69379e-06 	 1.48342e-05</data>
		</spin_DMI_term>
		<spin_DMI_term>
			<ijR>4 4 0 1 0</ijR>
			<data>1.16835e-08 	 -6.25389e-09 	 -1.11451e-05</data>
		</spin_DMI_term>
		<spin_DMI_term>
			<ijR>1 1 1 0 0</ijR>
			<data>-4.71314e-08 	 -1.42434e-08 	 2.48168e-04</data>
		</spin_DMI_term>
		<spin_DMI_term>
			<ijR>1 4 1 0 0</ijR>
			<data>5.04033e-05 	 7.01824e-08 	 7.14573e-05</data>
		</spin_DMI_term>
		<spin_DMI_term>
			<ijR>2 1 1 0 0</ijR>
			<data>-4.97044e-05 	 -1.73981e-04 	 2.40663e-05</data>
		</spin_DMI_term>
		<spin_DMI_term>
			<ijR>2 2 1 0 0</ijR>
			<data>-4.65336e-08 	 1.20636e-08 	 -2.48193e-04</data>
		</spin_DMI_term>
		<spin_DMI_term>
			<ijR>2 3 1 0 0</ijR>
			<data>5.03997e-05 	 -6.01651e-08 	 -7.14560e-05</data>
		</spin_DMI_term>
		<spin_DMI_term>
			<ijR>2 4 1 0 0</ijR>
			<data>-3.39585e-08 	 7.63050e-09 	 2.83017e-09</data>
		</spin_DMI_term>
		<spin_DMI_term>
			<ijR>3 1 1 0 0</ijR>
			<data>4.54487e-08 	 -7.32052e-08 	 -1.27689e-08</data>
		</spin_DMI_term>
		<spin_DMI_term>
			<ijR>3 2 1 0 0</ijR>
			<data>1.34399e-04 	 -1.55306e-08 	 -8.16708e-04</data>
		</spin_DMI_term>
		<spin_DMI_term>
			<ijR>3 3 1 0 0</ijR>
			<data>2.24524e-08 	 4.83891e-08 	 -2.48175e-04</data>
		</spin_DMI_term>
		<spin_DMI_term>
			<ijR>3 4 1 0 0</ijR>
			<data>-4.96440e-05 	 -1.73937e-04 	 -2.40668e-05</data>
		</spin_DMI_term>
		<spin_DMI_term>
			<ijR>4 1 1 0 0</ijR>
			<data>1.34397e-04 	 -7.56757e-09 	 8.16701e-04</data>
		</spin_DMI_term>
		<spin_DMI_term>
			<ijR>4 2 1 0 0</ijR>
			<data>-4.18856e-10 	 4.97933e-08 	 -3.06311e-09</data>
		</spin_DMI_term>
		<spin_DMI_term>
			<ijR>4 4 1 0 0</ijR>
			<data>2.33408e-08 	 -5.63885e-08 	 2.48187e-04</data>
		</spin_DMI_term>
		<spin_DMI_term>
			<ijR>1 2 -1 0 1</ijR>
			<data>-4.96753e-05 	 -1.73985e-04 	 -2.40351e-05</data>
		</spin_DMI_term>
		<spin_DMI_term>
			<ijR>1 3 -1 0 1</ijR>
			<data>-1.83814e-08 	 -6.06688e-09 	 4.09601e-08</data>
		</spin_DMI_term>
		<spin_DMI_term>
			<ijR>1 4 -1 0 1</ijR>
			<data>1.34397e-04 	 -4.69907e-08 	 -8.16710e-04</data>
		</spin_DMI_term>
		<spin_DMI_term>
			<ijR>3 2 -1 0 1</ijR>
			<data>5.04060e-05 	 -5.75876e-08 	 7.14785e-05</data>
		</spin_DMI_term>
		<spin_DMI_term>
			<ijR>4 2 -1 0 1</ijR>
			<data>-1.11317e-08 	 -3.03073e-09 	 -1.08784e-09</data>
		</spin_DMI_term>
		<spin_DMI_term>
			<ijR>1 2 -1 1 0</ijR>
			<data>-1.31964e-05 	 -7.76733e-06 	 -1.48079e-05</data>
		</spin_DMI_term>
		<spin_DMI_term>
			<ijR>1 3 -1 1 0</ijR>
			<data>-6.06761e-10 	 2.64165e-08 	 -1.09889e-09</data>
		</spin_DMI_term>
		<spin_DMI_term>
			<ijR>4 2 -1 1 0</ijR>
			<data>-8.69724e-09 	 3.83017e-08 	 3.25539e-10</data>
		</spin_DMI_term>
		<spin_DMI_term>
			<ijR>4 3 -1 1 0</ijR>
			<data>-1.31414e-05 	 -7.76472e-06 	 1.48166e-05</data>
		</spin_DMI_term>
		<spin_DMI_term>
			<ijR>1 2 -1 1 1</ijR>
			<data>1.31324e-05 	 7.80061e-06 	 -1.48140e-05</data>
		</spin_DMI_term>
		<spin_DMI_term>
			<ijR>1 2 0 1 1</ijR>
			<data>-1.31543e-05 	 7.72934e-06 	 -1.48231e-05</data>
		</spin_DMI_term>
		<spin_DMI_term>
			<ijR>1 4 0 1 1</ijR>
			<data>2.13868e-05 	 1.91619e-06 	 -3.83724e-05</data>
		</spin_DMI_term>
		<spin_DMI_term>
			<ijR>3 2 0 1 1</ijR>
			<data>-2.13921e-05 	 1.93813e-06 	 -3.83743e-05</data>
		</spin_DMI_term>
		<spin_DMI_term>
			<ijR>1 3 -2 0 0</ijR>
			<data>-9.49194e-10 	 4.88664e-08 	 3.93030e-09</data>
		</spin_DMI_term>
		<spin_DMI_term>
			<ijR>1 3 -1 -1 0</ijR>
			<data>-7.74313e-09 	 5.15816e-08 	 4.16274e-09</data>
		</spin_DMI_term>
		<spin_DMI_term>
			<ijR>1 3 -1 0 -1</ijR>
			<data>-9.70194e-09 	 -1.39428e-08 	 -3.74612e-08</data>
		</spin_DMI_term>
		<spin_DMI_term>
			<ijR>2 3 -1 0 -1</ijR>
			<data>1.34400e-04 	 3.76635e-08 	 8.16714e-04</data>
		</spin_DMI_term>
		<spin_DMI_term>
			<ijR>4 1 -1 0 -1</ijR>
			<data>5.04011e-05 	 5.88968e-08 	 -7.14836e-05</data>
		</spin_DMI_term>
		<spin_DMI_term>
			<ijR>4 2 -1 0 -1</ijR>
			<data>-8.78776e-09 	 -1.66502e-09 	 1.75015e-10</data>
		</spin_DMI_term>
		<spin_DMI_term>
			<ijR>4 3 -1 0 -1</ijR>
			<data>-4.97395e-05 	 -1.74003e-04 	 2.40351e-05</data>
		</spin_DMI_term>
		<spin_DMI_term>
			<ijR>1 4 0 -1 1</ijR>
			<data>2.13699e-05 	 -2.26679e-06 	 -3.83346e-05</data>
		</spin_DMI_term>
		<spin_DMI_term>
			<ijR>3 2 0 -1 1</ijR>
			<data>-2.13642e-05 	 -2.24561e-06 	 -3.83375e-05</data>
		</spin_DMI_term>
		<spin_DMI_term>
			<ijR>3 4 0 -1 1</ijR>
			<data>1.32086e-05 	 -7.73201e-06 	 -1.48117e-05</data>
		</spin_DMI_term>
		<spin_DMI_term>
			<ijR>1 4 1 0 1</ijR>
			<data>-5.04011e-05 	 -5.88968e-08 	 7.14836e-05</data>
		</spin_DMI_term>
		<spin_DMI_term>
			<ijR>2 4 1 0 1</ijR>
			<data>8.78776e-09 	 1.66502e-09 	 -1.75015e-10</data>
		</spin_DMI_term>
		<spin_DMI_term>
			<ijR>3 1 1 0 1</ijR>
			<data>9.70194e-09 	 1.39428e-08 	 3.74612e-08</data>
		</spin_DMI_term>
		<spin_DMI_term>
			<ijR>3 2 1 0 1</ijR>
			<data>-1.34400e-04 	 -3.76635e-08 	 -8.16714e-04</data>
		</spin_DMI_term>
		<spin_DMI_term>
			<ijR>3 4 1 0 1</ijR>
			<data>4.97395e-05 	 1.74003e-04 	 -2.40351e-05</data>
		</spin_DMI_term>
		<spin_DMI_term>
			<ijR>2 1 0 -1 -1</ijR>
			<data>1.31543e-05 	 -7.72934e-06 	 1.48231e-05</data>
		</spin_DMI_term>
		<spin_DMI_term>
			<ijR>2 3 0 -1 -1</ijR>
			<data>2.13921e-05 	 -1.93813e-06 	 3.83743e-05</data>
		</spin_DMI_term>
		<spin_DMI_term>
			<ijR>4 1 0 -1 -1</ijR>
			<data>-2.13868e-05 	 -1.91619e-06 	 3.83724e-05</data>
		</spin_DMI_term>
		<spin_DMI_term>
			<ijR>2 1 1 -1 -1</ijR>
			<data>-1.31324e-05 	 -7.80061e-06 	 1.48140e-05</data>
		</spin_DMI_term>
		<spin_DMI_term>
			<ijR>2 1 1 -1 0</ijR>
			<data>1.31964e-05 	 7.76733e-06 	 1.48079e-05</data>
		</spin_DMI_term>
		<spin_DMI_term>
			<ijR>2 4 1 -1 0</ijR>
			<data>8.69724e-09 	 -3.83017e-08 	 -3.25539e-10</data>
		</spin_DMI_term>
		<spin_DMI_term>
			<ijR>3 1 1 -1 0</ijR>
			<data>6.06761e-10 	 -2.64165e-08 	 1.09889e-09</data>
		</spin_DMI_term>
		<spin_DMI_term>
			<ijR>3 4 1 -1 0</ijR>
			<data>1.31414e-05 	 7.76472e-06 	 -1.48166e-05</data>
		</spin_DMI_term>
		<spin_DMI_term>
			<ijR>2 1 1 0 -1</ijR>
			<data>4.96753e-05 	 1.73985e-04 	 2.40351e-05</data>
		</spin_DMI_term>
		<spin_DMI_term>
			<ijR>2 3 1 0 -1</ijR>
			<data>-5.04060e-05 	 5.75876e-08 	 -7.14785e-05</data>
		</spin_DMI_term>
		<spin_DMI_term>
			<ijR>2 4 1 0 -1</ijR>
			<data>1.11317e-08 	 3.03073e-09 	 1.08784e-09</data>
		</spin_DMI_term>
		<spin_DMI_term>
			<ijR>3 1 1 0 -1</ijR>
			<data>1.83814e-08 	 6.06688e-09 	 -4.09601e-08</data>
		</spin_DMI_term>
		<spin_DMI_term>
			<ijR>4 1 1 0 -1</ijR>
			<data>-1.34397e-04 	 4.69907e-08 	 8.16710e-04</data>
		</spin_DMI_term>
		<spin_DMI_term>
			<ijR>2 3 0 1 -1</ijR>
			<data>2.13642e-05 	 2.24561e-06 	 3.83375e-05</data>
		</spin_DMI_term>
		<spin_DMI_term>
			<ijR>4 1 0 1 -1</ijR>
			<data>-2.13699e-05 	 2.26679e-06 	 3.83346e-05</data>
		</spin_DMI_term>
		<spin_DMI_term>
			<ijR>4 3 0 1 -1</ijR>
			<data>-1.32086e-05 	 7.73201e-06 	 1.48117e-05</data>
		</spin_DMI_term>
		<spin_DMI_term>
			<ijR>3 1 1 1 0</ijR>
			<data>7.74313e-09 	 -5.15816e-08 	 -4.16274e-09</data>
		</spin_DMI_term>
		<spin_DMI_term>
			<ijR>3 1 2 0 0</ijR>
			<data>9.49194e-10 	 -4.88664e-08 	 -3.93030e-09</data>
		</spin_DMI_term>
		<spin_DMI_term>
			<ijR>3 4 1 -1 1</ijR>
			<data>-1.31837e-05 	 -7.80572e-06 	 -1.48003e-05</data>
		</spin_DMI_term>
		<spin_DMI_term>
			<ijR>4 3 -1 1 -1</ijR>
			<data>1.31837e-05 	 7.80572e-06 	 1.48003e-05</data>
		</spin_DMI_term>
	</spin_DMI_list>
	<spin_bilinear_list units="eV">
		<nterms>136</nterms>
		<spin_bilinear_term>
			<ijR>1 1 -1 0 0</ijR>
			<data>4.63000e-05	-3.63233e-05	9.70796e-09	-3.63233e-05	1.79979e-05	-1.73503e-08	9.70796e-09	-1.73503e-08	2.27426e-04</data>
		</spin_bilinear_term>
		<spin_bilinear_term>
			<ijR>1 2 -1 0 0</ijR>
			<data>4.39057e-05	7.23747e-06	2.21254e-05	7.23747e-06	-1.06508e-04	-5.40890e-06	2.21254e-05	-5.40890e-06	-3.96886e-06</data>
		</spin_bilinear_term>
		<spin_bilinear_term>
			<ijR>1 3 -1 0 0</ijR>
			<data>-7.93996e-07	2.70079e-05	1.11244e-08	2.70079e-05	-2.57982e-05	-9.29034e-09	1.11244e-08	-9.29034e-09	-5.50889e-05</data>
		</spin_bilinear_term>
		<spin_bilinear_term>
			<ijR>1 4 -1 0 0</ijR>
			<data>4.02219e-05	8.04769e-07	-5.12097e-06	8.04769e-07	4.65017e-05	-4.29243e-08	-5.12097e-06	-4.29243e-08	3.12984e-04</data>
		</spin_bilinear_term>
		<spin_bilinear_term>
			<ijR>2 2 -1 0 0</ijR>
			<data>4.63115e-05	3.63228e-05	-1.32975e-08	3.63228e-05	1.80016e-05	-1.61907e-08	-1.32975e-08	-1.61907e-08	2.27444e-04</data>
		</spin_bilinear_term>
		<spin_bilinear_term>
			<ijR>2 3 -1 0 0</ijR>
			<data>4.02156e-05	-8.04842e-07	5.11680e-06	-8.04842e-07	4.64962e-05	-6.03407e-08	5.11680e-06	-6.03407e-08	3.12975e-04</data>
		</spin_bilinear_term>
		<spin_bilinear_term>
			<ijR>2 4 -1 0 0</ijR>
			<data>1.64783e-04	-3.44468e-05	-8.59005e-09	-3.44468e-05	6.68094e-05	1.20735e-08	-8.59005e-09	1.20735e-08	1.14554e-04</data>
		</spin_bilinear_term>
		<spin_bilinear_term>
			<ijR>3 2 -1 0 0</ijR>
			<data>-1.96198e-05	6.72600e-08	1.81189e-05	6.72600e-08	5.59673e-05	-3.21610e-08	1.81189e-05	-3.21610e-08	8.66909e-05</data>
		</spin_bilinear_term>
		<spin_bilinear_term>
			<ijR>3 3 -1 0 0</ijR>
			<data>4.62967e-05	-3.63198e-05	2.14545e-08	-3.63198e-05	1.79953e-05	7.30643e-09	2.14545e-08	7.30643e-09	2.27418e-04</data>
		</spin_bilinear_term>
		<spin_bilinear_term>
			<ijR>4 1 -1 0 0</ijR>
			<data>-1.96194e-05	-6.84897e-08	-1.81249e-05	-6.84897e-08	5.59675e-05	-2.43906e-08	-1.81249e-05	-2.43906e-08	8.66950e-05</data>
		</spin_bilinear_term>
		<spin_bilinear_term>
			<ijR>4 2 -1 0 0</ijR>
			<data>-1.67148e-04	-1.04385e-05	-5.12900e-09	-1.04385e-05	1.66738e-05	9.54987e-09	-5.12900e-09	9.54987e-09	-1.36835e-04</data>
		</spin_bilinear_term>
		<spin_bilinear_term>
			<ijR>4 3 -1 0 0</ijR>
			<data>4.38811e-05	7.24242e-06	-2.21298e-05	7.24242e-06	-1.06502e-04	5.41340e-06	-2.21298e-05	5.41340e-06	-3.98511e-06</data>
		</spin_bilinear_term>
		<spin_bilinear_term>
			<ijR>4 4 -1 0 0</ijR>
			<data>4.63155e-05	3.63259e-05	-2.42424e-08	3.63259e-05	1.80043e-05	7.88949e-09	-2.42424e-08	7.88949e-09	2.27453e-04</data>
		</spin_bilinear_term>
		<spin_bilinear_term>
			<ijR>1 1 0 -1 0</ijR>
			<data>1.52848e-05	-1.02893e-05	-8.85839e-09	-1.02893e-05	-2.43411e-06	-8.91709e-09	-8.85839e-09	-8.91709e-09	1.86368e-05</data>
		</spin_bilinear_term>
		<spin_bilinear_term>
			<ijR>1 4 0 -1 0</ijR>
			<data>9.28194e-06	3.90092e-06	1.00040e-05	3.90092e-06	9.43806e-06	-6.20594e-06	1.00040e-05	-6.20594e-06	2.21163e-05</data>
		</spin_bilinear_term>
		<spin_bilinear_term>
			<ijR>2 1 0 -1 0</ijR>
			<data>2.64257e-05	-1.02593e-06	1.22577e-05	-1.02593e-06	-3.93467e-06	-1.18955e-05	1.22577e-05	-1.18955e-05	1.45615e-05</data>
		</spin_bilinear_term>
		<spin_bilinear_term>
			<ijR>2 2 0 -1 0</ijR>
			<data>1.52847e-05	1.02907e-05	8.21428e-09	1.02907e-05	-2.44611e-06	-8.99931e-09	8.21428e-09	-8.99931e-09	1.86266e-05</data>
		</spin_bilinear_term>
		<spin_bilinear_term>
			<ijR>2 3 0 -1 0</ijR>
			<data>9.70225e-06	4.38991e-06	-1.01881e-05	4.38991e-06	9.20165e-06	6.49436e-06	-1.01881e-05	6.49436e-06	2.21351e-05</data>
		</spin_bilinear_term>
		<spin_bilinear_term>
			<ijR>2 4 0 -1 0</ijR>
			<data>-1.93839e-05	1.32029e-05	-2.93438e-08	1.32029e-05	-2.63130e-05	-1.94511e-09	-2.93438e-08	-1.94511e-09	2.29298e-05</data>
		</spin_bilinear_term>
		<spin_bilinear_term>
			<ijR>3 1 0 -1 0</ijR>
			<data>6.47099e-05	-3.64756e-06	5.16080e-09	-3.64756e-06	2.65571e-05	2.79904e-09	5.16080e-09	2.79904e-09	3.07347e-05</data>
		</spin_bilinear_term>
		<spin_bilinear_term>
			<ijR>3 2 0 -1 0</ijR>
			<data>9.27312e-06	-3.90029e-06	-1.00073e-05	-3.90029e-06	9.43401e-06	-6.21136e-06	-1.00073e-05	-6.21136e-06	2.21286e-05</data>
		</spin_bilinear_term>
		<spin_bilinear_term>
			<ijR>3 3 0 -1 0</ijR>
			<data>1.52854e-05	-1.02906e-05	-4.16052e-09	-1.02906e-05	-2.43512e-06	1.44059e-09	-4.16052e-09	1.44059e-09	1.86346e-05</data>
		</spin_bilinear_term>
		<spin_bilinear_term>
			<ijR>3 4 0 -1 0</ijR>
			<data>2.63851e-05	-1.02765e-06	-1.22803e-05	-1.02765e-06	-3.93028e-06	1.18957e-05	-1.22803e-05	1.18957e-05	1.45262e-05</data>
		</spin_bilinear_term>
		<spin_bilinear_term>
			<ijR>4 1 0 -1 0</ijR>
			<data>9.69662e-06	-4.38941e-06	1.01945e-05	-4.38941e-06	9.19830e-06	6.49820e-06	1.01945e-05	6.49820e-06	2.21501e-05</data>
		</spin_bilinear_term>
		<spin_bilinear_term>
			<ijR>4 2 0 -1 0</ijR>
			<data>3.70808e-05	-3.84226e-06	-1.64511e-09	-3.84226e-06	-6.53439e-07	-6.18786e-09	-1.64511e-09	-6.18786e-09	3.51679e-05</data>
		</spin_bilinear_term>
		<spin_bilinear_term>
			<ijR>4 4 0 -1 0</ijR>
			<data>1.52840e-05	1.02894e-05	2.29800e-09	1.02894e-05	-2.44467e-06	1.97189e-09	2.29800e-09	1.97189e-09	1.86289e-05</data>
		</spin_bilinear_term>
		<spin_bilinear_term>
			<ijR>1 1 0 0 -1</ijR>
			<data>3.28973e-06	4.59686e-05	2.63468e-09	4.59686e-05	4.68216e-05	-2.73417e-09	2.63468e-09	-2.73417e-09	-3.19841e-05</data>
		</spin_bilinear_term>
		<spin_bilinear_term>
			<ijR>1 3 0 0 -1</ijR>
			<data>5.70302e-05	-5.93049e-06	5.37204e-05	-5.93049e-06	4.52831e-06	-1.70999e-05	5.37204e-05	-1.70999e-05	2.37371e-05</data>
		</spin_bilinear_term>
		<spin_bilinear_term>
			<ijR>2 1 0 0 -1</ijR>
			<data>4.54974e-05	-8.26013e-06	2.28301e-05	-8.26013e-06	-1.07398e-04	5.98098e-06	2.28301e-05	5.98098e-06	-3.99346e-06</data>
		</spin_bilinear_term>
		<spin_bilinear_term>
			<ijR>2 2 0 0 -1</ijR>
			<data>3.29567e-06	-4.59666e-05	-2.92311e-09	-4.59666e-05	4.68258e-05	-3.48110e-09	-2.92311e-09	-3.48110e-09	-3.19733e-05</data>
		</spin_bilinear_term>
		<spin_bilinear_term>
			<ijR>2 3 0 0 -1</ijR>
			<data>-2.85349e-04	-8.02434e-07	-2.94594e-05	-8.02434e-07	3.12242e-05	3.74825e-07	-2.94594e-05	3.74825e-07	-2.13257e-05</data>
		</spin_bilinear_term>
		<spin_bilinear_term>
			<ijR>2 4 0 0 -1</ijR>
			<data>9.30921e-05	-1.88729e-05	-1.49765e-05	-1.88729e-05	4.31201e-06	3.16092e-05	-1.49765e-05	3.16092e-05	-1.83259e-05</data>
		</spin_bilinear_term>
		<spin_bilinear_term>
			<ijR>3 1 0 0 -1</ijR>
			<data>5.69988e-05	-5.92723e-06	-5.37075e-05	-5.92723e-06	4.50989e-06	1.70883e-05	-5.37075e-05	1.70883e-05	2.36861e-05</data>
		</spin_bilinear_term>
		<spin_bilinear_term>
			<ijR>3 3 0 0 -1</ijR>
			<data>3.28742e-06	4.59700e-05	-3.06050e-09	4.59700e-05	4.68211e-05	-9.50367e-10	-3.06050e-09	-9.50367e-10	-3.19827e-05</data>
		</spin_bilinear_term>
		<spin_bilinear_term>
			<ijR>4 1 0 0 -1</ijR>
			<data>-2.85345e-04	8.00350e-07	2.94581e-05	8.00350e-07	3.12214e-05	3.81676e-07	2.94581e-05	3.81676e-07	-2.13267e-05</data>
		</spin_bilinear_term>
		<spin_bilinear_term>
			<ijR>4 2 0 0 -1</ijR>
			<data>9.30821e-05	-1.88738e-05	1.50134e-05	-1.88738e-05	4.31041e-06	-3.15846e-05	1.50134e-05	-3.15846e-05	-1.83220e-05</data>
		</spin_bilinear_term>
		<spin_bilinear_term>
			<ijR>4 3 0 0 -1</ijR>
			<data>4.55243e-05	-8.25533e-06	-2.28230e-05	-8.25533e-06	-1.07405e-04	-5.97880e-06	-2.28230e-05	-5.97880e-06	-3.97751e-06</data>
		</spin_bilinear_term>
		<spin_bilinear_term>
			<ijR>4 4 0 0 -1</ijR>
			<data>3.29832e-06	-4.59655e-05	3.39398e-09	-4.59655e-05	4.68265e-05	-1.10295e-09	3.39398e-09	-1.10295e-09	-3.19743e-05</data>
		</spin_bilinear_term>
		<spin_bilinear_term>
			<ijR>1 2 0 0 0</ijR>
			<data>4.55349e-05	-8.25372e-06	-2.28157e-05	-8.25372e-06	-1.07422e-04	-5.96513e-06	-2.28157e-05	-5.96513e-06	-3.97732e-06</data>
		</spin_bilinear_term>
		<spin_bilinear_term>
			<ijR>1 3 0 0 0</ijR>
			<data>-1.67148e-04	1.04365e-05	3.94694e-09	1.04365e-05	1.66801e-05	1.02526e-08	3.94694e-09	1.02526e-08	-1.36857e-04</data>
		</spin_bilinear_term>
		<spin_bilinear_term>
			<ijR>1 4 0 0 0</ijR>
			<data>-2.85344e-04	7.96767e-07	-2.94386e-05	7.96767e-07	3.12194e-05	-3.81110e-07	-2.94386e-05	-3.81110e-07	-2.13330e-05</data>
		</spin_bilinear_term>
		<spin_bilinear_term>
			<ijR>2 1 0 0 0</ijR>
			<data>4.55349e-05	-8.25372e-06	-2.28157e-05	-8.25372e-06	-1.07422e-04	-5.96513e-06	-2.28157e-05	-5.96513e-06	-3.97732e-06</data>
		</spin_bilinear_term>
		<spin_bilinear_term>
			<ijR>2 3 0 0 0</ijR>
			<data>-2.85344e-04	-7.99604e-07	2.94417e-05	-7.99604e-07	3.12210e-05	-3.74086e-07	2.94417e-05	-3.74086e-07	-2.13321e-05</data>
		</spin_bilinear_term>
		<spin_bilinear_term>
			<ijR>2 4 0 0 0</ijR>
			<data>-7.91704e-07	-2.69954e-05	-5.45854e-09	-2.69954e-05	-2.58108e-05	-9.95440e-09	-5.45854e-09	-9.95440e-09	-5.50680e-05</data>
		</spin_bilinear_term>
		<spin_bilinear_term>
			<ijR>3 1 0 0 0</ijR>
			<data>-1.67148e-04	1.04365e-05	3.94694e-09	1.04365e-05	1.66801e-05	1.02526e-08	3.94694e-09	1.02526e-08	-1.36857e-04</data>
		</spin_bilinear_term>
		<spin_bilinear_term>
			<ijR>3 2 0 0 0</ijR>
			<data>-2.85344e-04	-7.99604e-07	2.94417e-05	-7.99604e-07	3.12210e-05	-3.74086e-07	2.94417e-05	-3.74086e-07	-2.13321e-05</data>
		</spin_bilinear_term>
		<spin_bilinear_term>
			<ijR>3 4 0 0 0</ijR>
			<data>4.55081e-05	-8.25158e-06	2.28218e-05	-8.25158e-06	-1.07413e-04	5.96900e-06	2.28218e-05	5.96900e-06	-3.99553e-06</data>
		</spin_bilinear_term>
		<spin_bilinear_term>
			<ijR>4 1 0 0 0</ijR>
			<data>-2.85344e-04	7.96767e-07	-2.94386e-05	7.96767e-07	3.12194e-05	-3.81110e-07	-2.94386e-05	-3.81110e-07	-2.13330e-05</data>
		</spin_bilinear_term>
		<spin_bilinear_term>
			<ijR>4 2 0 0 0</ijR>
			<data>-7.91704e-07	-2.69954e-05	-5.45854e-09	-2.69954e-05	-2.58108e-05	-9.95440e-09	-5.45854e-09	-9.95440e-09	-5.50680e-05</data>
		</spin_bilinear_term>
		<spin_bilinear_term>
			<ijR>4 3 0 0 0</ijR>
			<data>4.55081e-05	-8.25158e-06	2.28218e-05	-8.25158e-06	-1.07413e-04	5.96900e-06	2.28218e-05	5.96900e-06	-3.99553e-06</data>
		</spin_bilinear_term>
		<spin_bilinear_term>
			<ijR>1 1 0 0 1</ijR>
			<data>3.28973e-06	4.59686e-05	2.63468e-09	4.59686e-05	4.68216e-05	-2.73417e-09	2.63468e-09	-2.73417e-09	-3.19841e-05</data>
		</spin_bilinear_term>
		<spin_bilinear_term>
			<ijR>1 2 0 0 1</ijR>
			<data>4.54974e-05	-8.26013e-06	2.28301e-05	-8.26013e-06	-1.07398e-04	5.98098e-06	2.28301e-05	5.98098e-06	-3.99346e-06</data>
		</spin_bilinear_term>
		<spin_bilinear_term>
			<ijR>1 3 0 0 1</ijR>
			<data>5.69988e-05	-5.92723e-06	-5.37075e-05	-5.92723e-06	4.50989e-06	1.70883e-05	-5.37075e-05	1.70883e-05	2.36861e-05</data>
		</spin_bilinear_term>
		<spin_bilinear_term>
			<ijR>1 4 0 0 1</ijR>
			<data>-2.85345e-04	8.00350e-07	2.94581e-05	8.00350e-07	3.12214e-05	3.81676e-07	2.94581e-05	3.81676e-07	-2.13267e-05</data>
		</spin_bilinear_term>
		<spin_bilinear_term>
			<ijR>2 2 0 0 1</ijR>
			<data>3.29567e-06	-4.59666e-05	-2.92311e-09	-4.59666e-05	4.68258e-05	-3.48110e-09	-2.92311e-09	-3.48110e-09	-3.19733e-05</data>
		</spin_bilinear_term>
		<spin_bilinear_term>
			<ijR>2 4 0 0 1</ijR>
			<data>9.30821e-05	-1.88738e-05	1.50134e-05	-1.88738e-05	4.31041e-06	-3.15846e-05	1.50134e-05	-3.15846e-05	-1.83220e-05</data>
		</spin_bilinear_term>
		<spin_bilinear_term>
			<ijR>3 1 0 0 1</ijR>
			<data>5.70302e-05	-5.93049e-06	5.37204e-05	-5.93049e-06	4.52831e-06	-1.70999e-05	5.37204e-05	-1.70999e-05	2.37371e-05</data>
		</spin_bilinear_term>
		<spin_bilinear_term>
			<ijR>3 2 0 0 1</ijR>
			<data>-2.85349e-04	-8.02434e-07	-2.94594e-05	-8.02434e-07	3.12242e-05	3.74825e-07	-2.94594e-05	3.74825e-07	-2.13257e-05</data>
		</spin_bilinear_term>
		<spin_bilinear_term>
			<ijR>3 3 0 0 1</ijR>
			<data>3.28742e-06	4.59700e-05	-3.06050e-09	4.59700e-05	4.68211e-05	-9.50367e-10	-3.06050e-09	-9.50367e-10	-3.19827e-05</data>
		</spin_bilinear_term>
		<spin_bilinear_term>
			<ijR>3 4 0 0 1</ijR>
			<data>4.55243e-05	-8.25533e-06	-2.28230e-05	-8.25533e-06	-1.07405e-04	-5.97880e-06	-2.28230e-05	-5.97880e-06	-3.97751e-06</data>
		</spin_bilinear_term>
		<spin_bilinear_term>
			<ijR>4 2 0 0 1</ijR>
			<data>9.30921e-05	-1.88729e-05	-1.49765e-05	-1.88729e-05	4.31201e-06	3.16092e-05	-1.49765e-05	3.16092e-05	-1.83259e-05</data>
		</spin_bilinear_term>
		<spin_bilinear_term>
			<ijR>4 4 0 0 1</ijR>
			<data>3.29832e-06	-4.59655e-05	3.39398e-09	-4.59655e-05	4.68265e-05	-1.10295e-09	3.39398e-09	-1.10295e-09	-3.19743e-05</data>
		</spin_bilinear_term>
		<spin_bilinear_term>
			<ijR>1 1 0 1 0</ijR>
			<data>1.52848e-05	-1.02893e-05	-8.85839e-09	-1.02893e-05	-2.43411e-06	-8.91709e-09	-8.85839e-09	-8.91709e-09	1.86368e-05</data>
		</spin_bilinear_term>
		<spin_bilinear_term>
			<ijR>1 2 0 1 0</ijR>
			<data>2.64257e-05	-1.02593e-06	1.22577e-05	-1.02593e-06	-3.93467e-06	-1.18955e-05	1.22577e-05	-1.18955e-05	1.45615e-05</data>
		</spin_bilinear_term>
		<spin_bilinear_term>
			<ijR>1 3 0 1 0</ijR>
			<data>6.47099e-05	-3.64756e-06	5.16080e-09	-3.64756e-06	2.65571e-05	2.79904e-09	5.16080e-09	2.79904e-09	3.07347e-05</data>
		</spin_bilinear_term>
		<spin_bilinear_term>
			<ijR>1 4 0 1 0</ijR>
			<data>9.69662e-06	-4.38941e-06	1.01945e-05	-4.38941e-06	9.19830e-06	6.49820e-06	1.01945e-05	6.49820e-06	2.21501e-05</data>
		</spin_bilinear_term>
		<spin_bilinear_term>
			<ijR>2 2 0 1 0</ijR>
			<data>1.52847e-05	1.02907e-05	8.21428e-09	1.02907e-05	-2.44611e-06	-8.99931e-09	8.21428e-09	-8.99931e-09	1.86266e-05</data>
		</spin_bilinear_term>
		<spin_bilinear_term>
			<ijR>2 3 0 1 0</ijR>
			<data>9.27312e-06	-3.90029e-06	-1.00073e-05	-3.90029e-06	9.43401e-06	-6.21136e-06	-1.00073e-05	-6.21136e-06	2.21286e-05</data>
		</spin_bilinear_term>
		<spin_bilinear_term>
			<ijR>2 4 0 1 0</ijR>
			<data>3.70808e-05	-3.84226e-06	-1.64511e-09	-3.84226e-06	-6.53439e-07	-6.18786e-09	-1.64511e-09	-6.18786e-09	3.51679e-05</data>
		</spin_bilinear_term>
		<spin_bilinear_term>
			<ijR>3 2 0 1 0</ijR>
			<data>9.70225e-06	4.38991e-06	-1.01881e-05	4.38991e-06	9.20165e-06	6.49436e-06	-1.01881e-05	6.49436e-06	2.21351e-05</data>
		</spin_bilinear_term>
		<spin_bilinear_term>
			<ijR>3 3 0 1 0</ijR>
			<data>1.52854e-05	-1.02906e-05	-4.16052e-09	-1.02906e-05	-2.43512e-06	1.44059e-09	-4.16052e-09	1.44059e-09	1.86346e-05</data>
		</spin_bilinear_term>
		<spin_bilinear_term>
			<ijR>4 1 0 1 0</ijR>
			<data>9.28194e-06	3.90092e-06	1.00040e-05	3.90092e-06	9.43806e-06	-6.20594e-06	1.00040e-05	-6.20594e-06	2.21163e-05</data>
		</spin_bilinear_term>
		<spin_bilinear_term>
			<ijR>4 2 0 1 0</ijR>
			<data>-1.93839e-05	1.32029e-05	-2.93438e-08	1.32029e-05	-2.63130e-05	-1.94511e-09	-2.93438e-08	-1.94511e-09	2.29298e-05</data>
		</spin_bilinear_term>
		<spin_bilinear_term>
			<ijR>4 3 0 1 0</ijR>
			<data>2.63851e-05	-1.02765e-06	-1.22803e-05	-1.02765e-06	-3.93028e-06	1.18957e-05	-1.22803e-05	1.18957e-05	1.45262e-05</data>
		</spin_bilinear_term>
		<spin_bilinear_term>
			<ijR>4 4 0 1 0</ijR>
			<data>1.52840e-05	1.02894e-05	2.29800e-09	1.02894e-05	-2.44467e-06	1.97189e-09	2.29800e-09	1.97189e-09	1.86289e-05</data>
		</spin_bilinear_term>
		<spin_bilinear_term>
			<ijR>1 1 1 0 0</ijR>
			<data>4.63000e-05	-3.63233e-05	9.70796e-09	-3.63233e-05	1.79979e-05	-1.73503e-08	9.70796e-09	-1.73503e-08	2.27426e-04</data>
		</spin_bilinear_term>
		<spin_bilinear_term>
			<ijR>1 4 1 0 0</ijR>
			<data>-1.96194e-05	-6.84897e-08	-1.81249e-05	-6.84897e-08	5.59675e-05	-2.43906e-08	-1.81249e-05	-2.43906e-08	8.66950e-05</data>
		</spin_bilinear_term>
		<spin_bilinear_term>
			<ijR>2 1 1 0 0</ijR>
			<data>4.39057e-05	7.23747e-06	2.21254e-05	7.23747e-06	-1.06508e-04	-5.40890e-06	2.21254e-05	-5.40890e-06	-3.96886e-06</data>
		</spin_bilinear_term>
		<spin_bilinear_term>
			<ijR>2 2 1 0 0</ijR>
			<data>4.63115e-05	3.63228e-05	-1.32975e-08	3.63228e-05	1.80016e-05	-1.61907e-08	-1.32975e-08	-1.61907e-08	2.27444e-04</data>
		</spin_bilinear_term>
		<spin_bilinear_term>
			<ijR>2 3 1 0 0</ijR>
			<data>-1.96198e-05	6.72600e-08	1.81189e-05	6.72600e-08	5.59673e-05	-3.21610e-08	1.81189e-05	-3.21610e-08	8.66909e-05</data>
		</spin_bilinear_term>
		<spin_bilinear_term>
			<ijR>2 4 1 0 0</ijR>
			<data>-1.67148e-04	-1.04385e-05	-5.12900e-09	-1.04385e-05	1.66738e-05	9.54987e-09	-5.12900e-09	9.54987e-09	-1.36835e-04</data>
		</spin_bilinear_term>
		<spin_bilinear_term>
			<ijR>3 1 1 0 0</ijR>
			<data>-7.93996e-07	2.70079e-05	1.11244e-08	2.70079e-05	-2.57982e-05	-9.29034e-09	1.11244e-08	-9.29034e-09	-5.50889e-05</data>
		</spin_bilinear_term>
		<spin_bilinear_term>
			<ijR>3 2 1 0 0</ijR>
			<data>4.02156e-05	-8.04842e-07	5.11680e-06	-8.04842e-07	4.64962e-05	-6.03407e-08	5.11680e-06	-6.03407e-08	3.12975e-04</data>
		</spin_bilinear_term>
		<spin_bilinear_term>
			<ijR>3 3 1 0 0</ijR>
			<data>4.62967e-05	-3.63198e-05	2.14545e-08	-3.63198e-05	1.79953e-05	7.30643e-09	2.14545e-08	7.30643e-09	2.27418e-04</data>
		</spin_bilinear_term>
		<spin_bilinear_term>
			<ijR>3 4 1 0 0</ijR>
			<data>4.38811e-05	7.24242e-06	-2.21298e-05	7.24242e-06	-1.06502e-04	5.41340e-06	-2.21298e-05	5.41340e-06	-3.98511e-06</data>
		</spin_bilinear_term>
		<spin_bilinear_term>
			<ijR>4 1 1 0 0</ijR>
			<data>4.02219e-05	8.04769e-07	-5.12097e-06	8.04769e-07	4.65017e-05	-4.29243e-08	-5.12097e-06	-4.29243e-08	3.12984e-04</data>
		</spin_bilinear_term>
		<spin_bilinear_term>
			<ijR>4 2 1 0 0</ijR>
			<data>1.64783e-04	-3.44468e-05	-8.59005e-09	-3.44468e-05	6.68094e-05	1.20735e-08	-8.59005e-09	1.20735e-08	1.14554e-04</data>
		</spin_bilinear_term>
		<spin_bilinear_term>
			<ijR>4 4 1 0 0</ijR>
			<data>4.63155e-05	3.63259e-05	-2.42424e-08	3.63259e-05	1.80043e-05	7.88949e-09	-2.42424e-08	7.88949e-09	2.27453e-04</data>
		</spin_bilinear_term>
		<spin_bilinear_term>
			<ijR>1 2 -1 0 1</ijR>
			<data>4.38691e-05	7.24342e-06	-2.21382e-05	7.24342e-06	-1.06487e-04	5.42644e-06	-2.21382e-05	5.42644e-06	-3.98477e-06</data>
		</spin_bilinear_term>
		<spin_bilinear_term>
			<ijR>1 3 -1 0 1</ijR>
			<data>9.30917e-05	1.88757e-05	1.49940e-05	1.88757e-05	4.30547e-06	3.16071e-05	1.49940e-05	3.16071e-05	-1.83253e-05</data>
		</spin_bilinear_term>
		<spin_bilinear_term>
			<ijR>1 4 -1 0 1</ijR>
			<data>4.02210e-05	8.04809e-07	5.11546e-06	8.04809e-07	4.65068e-05	3.40096e-08	5.11546e-06	3.40096e-08	3.12973e-04</data>
		</spin_bilinear_term>
		<spin_bilinear_term>
			<ijR>3 2 -1 0 1</ijR>
			<data>-1.96180e-05	6.97890e-08	-1.81094e-05	6.97890e-08	5.59641e-05	2.10705e-08	-1.81094e-05	2.10705e-08	8.66887e-05</data>
		</spin_bilinear_term>
		<spin_bilinear_term>
			<ijR>4 2 -1 0 1</ijR>
			<data>5.69990e-05	5.92236e-06	5.37097e-05	5.92236e-06	4.51274e-06	1.70892e-05	5.37097e-05	1.70892e-05	2.36877e-05</data>
		</spin_bilinear_term>
		<spin_bilinear_term>
			<ijR>1 2 -1 1 0</ijR>
			<data>2.66969e-05	5.43632e-07	-1.25806e-05	5.43632e-07	-4.08250e-06	-1.18625e-05	-1.25806e-05	-1.18625e-05	1.45594e-05</data>
		</spin_bilinear_term>
		<spin_bilinear_term>
			<ijR>1 3 -1 1 0</ijR>
			<data>-1.93775e-05	-1.32048e-05	3.11554e-08	-1.32048e-05	-2.63146e-05	-1.43659e-09	3.11554e-08	-1.43659e-09	2.29186e-05</data>
		</spin_bilinear_term>
		<spin_bilinear_term>
			<ijR>4 2 -1 1 0</ijR>
			<data>6.47119e-05	3.65103e-06	-5.67503e-09	3.65103e-06	2.65533e-05	3.47579e-09	-5.67503e-09	3.47579e-09	3.07414e-05</data>
		</spin_bilinear_term>
		<spin_bilinear_term>
			<ijR>4 3 -1 1 0</ijR>
			<data>2.66641e-05	5.42006e-07	1.26021e-05	5.42006e-07	-4.08045e-06	1.18626e-05	1.26021e-05	1.18626e-05	1.45312e-05</data>
		</spin_bilinear_term>
		<spin_bilinear_term>
			<ijR>1 2 -1 1 1</ijR>
			<data>2.66586e-05	5.44937e-07	1.26021e-05	5.44937e-07	-4.07751e-06	1.18696e-05	1.26021e-05	1.18696e-05	1.45344e-05</data>
		</spin_bilinear_term>
		<spin_bilinear_term>
			<ijR>1 2 0 1 1</ijR>
			<data>2.63785e-05	-1.02585e-06	-1.22824e-05	-1.02585e-06	-3.92896e-06	1.19016e-05	-1.22824e-05	1.19016e-05	1.45286e-05</data>
		</spin_bilinear_term>
		<spin_bilinear_term>
			<ijR>1 4 0 1 1</ijR>
			<data>9.67834e-06	-4.38765e-06	-1.01786e-05	-4.38765e-06	9.19453e-06	-6.49728e-06	-1.01786e-05	-6.49728e-06	2.21431e-05</data>
		</spin_bilinear_term>
		<spin_bilinear_term>
			<ijR>3 2 0 1 1</ijR>
			<data>9.68466e-06	4.38814e-06	1.01751e-05	4.38814e-06	9.19813e-06	-6.49338e-06	1.01751e-05	-6.49338e-06	2.21269e-05</data>
		</spin_bilinear_term>
		<spin_bilinear_term>
			<ijR>1 3 -2 0 0</ijR>
			<data>1.64791e-04	3.44529e-05	5.24509e-09	3.44529e-05	6.68111e-05	1.15142e-08	5.24509e-09	1.15142e-08	1.14545e-04</data>
		</spin_bilinear_term>
		<spin_bilinear_term>
			<ijR>1 3 -1 -1 0</ijR>
			<data>3.70792e-05	3.84344e-06	7.25459e-09	3.84344e-06	-6.41605e-07	-6.49874e-09	7.25459e-09	-6.49874e-09	3.51891e-05</data>
		</spin_bilinear_term>
		<spin_bilinear_term>
			<ijR>1 3 -1 0 -1</ijR>
			<data>9.30766e-05	1.88773e-05	-1.50228e-05	1.88773e-05	4.30394e-06	-3.15819e-05	-1.50228e-05	-3.15819e-05	-1.83277e-05</data>
		</spin_bilinear_term>
		<spin_bilinear_term>
			<ijR>2 3 -1 0 -1</ijR>
			<data>4.02158e-05	-8.03633e-07	-5.11913e-06	-8.03633e-07	4.65017e-05	5.21078e-08	-5.11913e-06	5.21078e-08	3.12962e-04</data>
		</spin_bilinear_term>
		<spin_bilinear_term>
			<ijR>4 1 -1 0 -1</ijR>
			<data>-1.96115e-05	-7.03954e-08	1.81065e-05	-7.03954e-08	5.59648e-05	1.40640e-08	1.81065e-05	1.40640e-08	8.66989e-05</data>
		</spin_bilinear_term>
		<spin_bilinear_term>
			<ijR>4 2 -1 0 -1</ijR>
			<data>5.70251e-05	5.92621e-06	-5.37224e-05	5.92621e-06	4.53212e-06	-1.71009e-05	-5.37224e-05	-1.71009e-05	2.37406e-05</data>
		</spin_bilinear_term>
		<spin_bilinear_term>
			<ijR>4 3 -1 0 -1</ijR>
			<data>4.38958e-05	7.24547e-06	2.21353e-05	7.24547e-06	-1.06494e-04	-5.41998e-06	2.21353e-05	-5.41998e-06	-3.96615e-06</data>
		</spin_bilinear_term>
		<spin_bilinear_term>
			<ijR>1 4 0 -1 1</ijR>
			<data>9.30590e-06	3.89924e-06	-1.00016e-05	3.89924e-06	9.44423e-06	6.20468e-06	-1.00016e-05	6.20468e-06	2.21503e-05</data>
		</spin_bilinear_term>
		<spin_bilinear_term>
			<ijR>3 2 0 -1 1</ijR>
			<data>9.29783e-06	-3.89882e-06	1.00058e-05	-3.89882e-06	9.44012e-06	6.20910e-06	1.00058e-05	6.20910e-06	2.21603e-05</data>
		</spin_bilinear_term>
		<spin_bilinear_term>
			<ijR>3 4 0 -1 1</ijR>
			<data>2.64196e-05	-1.02870e-06	1.22582e-05	-1.02870e-06	-3.93169e-06	-1.19027e-05	1.22582e-05	-1.19027e-05	1.45639e-05</data>
		</spin_bilinear_term>
		<spin_bilinear_term>
			<ijR>1 4 1 0 1</ijR>
			<data>-1.96115e-05	-7.03954e-08	1.81065e-05	-7.03954e-08	5.59648e-05	1.40640e-08	1.81065e-05	1.40640e-08	8.66989e-05</data>
		</spin_bilinear_term>
		<spin_bilinear_term>
			<ijR>2 4 1 0 1</ijR>
			<data>5.70251e-05	5.92621e-06	-5.37224e-05	5.92621e-06	4.53212e-06	-1.71009e-05	-5.37224e-05	-1.71009e-05	2.37406e-05</data>
		</spin_bilinear_term>
		<spin_bilinear_term>
			<ijR>3 1 1 0 1</ijR>
			<data>9.30766e-05	1.88773e-05	-1.50228e-05	1.88773e-05	4.30394e-06	-3.15819e-05	-1.50228e-05	-3.15819e-05	-1.83277e-05</data>
		</spin_bilinear_term>
		<spin_bilinear_term>
			<ijR>3 2 1 0 1</ijR>
			<data>4.02158e-05	-8.03633e-07	-5.11913e-06	-8.03633e-07	4.65017e-05	5.21078e-08	-5.11913e-06	5.21078e-08	3.12962e-04</data>
		</spin_bilinear_term>
		<spin_bilinear_term>
			<ijR>3 4 1 0 1</ijR>
			<data>4.38958e-05	7.24547e-06	2.21353e-05	7.24547e-06	-1.06494e-04	-5.41998e-06	2.21353e-05	-5.41998e-06	-3.96615e-06</data>
		</spin_bilinear_term>
		<spin_bilinear_term>
			<ijR>2 1 0 -1 -1</ijR>
			<data>2.63785e-05	-1.02585e-06	-1.22824e-05	-1.02585e-06	-3.92896e-06	1.19016e-05	-1.22824e-05	1.19016e-05	1.45286e-05</data>
		</spin_bilinear_term>
		<spin_bilinear_term>
			<ijR>2 3 0 -1 -1</ijR>
			<data>9.68466e-06	4.38814e-06	1.01751e-05	4.38814e-06	9.19813e-06	-6.49338e-06	1.01751e-05	-6.49338e-06	2.21269e-05</data>
		</spin_bilinear_term>
		<spin_bilinear_term>
			<ijR>4 1 0 -1 -1</ijR>
			<data>9.67834e-06	-4.38765e-06	-1.01786e-05	-4.38765e-06	9.19453e-06	-6.49728e-06	-1.01786e-05	-6.49728e-06	2.21431e-05</data>
		</spin_bilinear_term>
		<spin_bilinear_term>
			<ijR>2 1 1 -1 -1</ijR>
			<data>2.66586e-05	5.44937e-07	1.26021e-05	5.44937e-07	-4.07751e-06	1.18696e-05	1.26021e-05	1.18696e-05	1.45344e-05</data>
		</spin_bilinear_term>
		<spin_bilinear_term>
			<ijR>2 1 1 -1 0</ijR>
			<data>2.66969e-05	5.43632e-07	-1.25806e-05	5.43632e-07	-4.08250e-06	-1.18625e-05	-1.25806e-05	-1.18625e-05	1.45594e-05</data>
		</spin_bilinear_term>
		<spin_bilinear_term>
			<ijR>2 4 1 -1 0</ijR>
			<data>6.47119e-05	3.65103e-06	-5.67503e-09	3.65103e-06	2.65533e-05	3.47579e-09	-5.67503e-09	3.47579e-09	3.07414e-05</data>
		</spin_bilinear_term>
		<spin_bilinear_term>
			<ijR>3 1 1 -1 0</ijR>
			<data>-1.93775e-05	-1.32048e-05	3.11554e-08	-1.32048e-05	-2.63146e-05	-1.43659e-09	3.11554e-08	-1.43659e-09	2.29186e-05</data>
		</spin_bilinear_term>
		<spin_bilinear_term>
			<ijR>3 4 1 -1 0</ijR>
			<data>2.66641e-05	5.42006e-07	1.26021e-05	5.42006e-07	-4.08045e-06	1.18626e-05	1.26021e-05	1.18626e-05	1.45312e-05</data>
		</spin_bilinear_term>
		<spin_bilinear_term>
			<ijR>2 1 1 0 -1</ijR>
			<data>4.38691e-05	7.24342e-06	-2.21382e-05	7.24342e-06	-1.06487e-04	5.42644e-06	-2.21382e-05	5.42644e-06	-3.98477e-06</data>
		</spin_bilinear_term>
		<spin_bilinear_term>
			<ijR>2 3 1 0 -1</ijR>
			<data>-1.96180e-05	6.97890e-08	-1.81094e-05	6.97890e-08	5.59641e-05	2.10705e-08	-1.81094e-05	2.10705e-08	8.66887e-05</data>
		</spin_bilinear_term>
		<spin_bilinear_term>
			<ijR>2 4 1 0 -1</ijR>
			<data>5.69990e-05	5.92236e-06	5.37097e-05	5.92236e-06	4.51274e-06	1.70892e-05	5.37097e-05	1.70892e-05	2.36877e-05</data>
		</spin_bilinear_term>
		<spin_bilinear_term>
			<ijR>3 1 1 0 -1</ijR>
			<data>9.30917e-05	1.88757e-05	1.49940e-05	1.88757e-05	4.30547e-06	3.16071e-05	1.49940e-05	3.16071e-05	-1.83253e-05</data>
		</spin_bilinear_term>
		<spin_bilinear_term>
			<ijR>4 1 1 0 -1</ijR>
			<data>4.02210e-05	8.04809e-07	5.11546e-06	8.04809e-07	4.65068e-05	3.40096e-08	5.11546e-06	3.40096e-08	3.12973e-04</data>
		</spin_bilinear_term>
		<spin_bilinear_term>
			<ijR>2 3 0 1 -1</ijR>
			<data>9.29783e-06	-3.89882e-06	1.00058e-05	-3.89882e-06	9.44012e-06	6.20910e-06	1.00058e-05	6.20910e-06	2.21603e-05</data>
		</spin_bilinear_term>
		<spin_bilinear_term>
			<ijR>4 1 0 1 -1</ijR>
			<data>9.30590e-06	3.89924e-06	-1.00016e-05	3.89924e-06	9.44423e-06	6.20468e-06	-1.00016e-05	6.20468e-06	2.21503e-05</data>
		</spin_bilinear_term>
		<spin_bilinear_term>
			<ijR>4 3 0 1 -1</ijR>
			<data>2.64196e-05	-1.02870e-06	1.22582e-05	-1.02870e-06	-3.93169e-06	-1.19027e-05	1.22582e-05	-1.19027e-05	1.45639e-05</data>
		</spin_bilinear_term>
		<spin_bilinear_term>
			<ijR>3 1 1 1 0</ijR>
			<data>3.70792e-05	3.84344e-06	7.25459e-09	3.84344e-06	-6.41605e-07	-6.49874e-09	7.25459e-09	-6.49874e-09	3.51891e-05</data>
		</spin_bilinear_term>
		<spin_bilinear_term>
			<ijR>3 1 2 0 0</ijR>
			<data>1.64791e-04	3.44529e-05	5.24509e-09	3.44529e-05	6.68111e-05	1.15142e-08	5.24509e-09	1.15142e-08	1.14545e-04</data>
		</spin_bilinear_term>
		<spin_bilinear_term>
			<ijR>3 4 1 -1 1</ijR>
			<data>2.66918e-05	5.42291e-07	-1.25823e-05	5.42291e-07	-4.08138e-06	-1.18687e-05	-1.25823e-05	-1.18687e-05	1.45629e-05</data>
		</spin_bilinear_term>
		<spin_bilinear_term>
			<ijR>4 3 -1 1 -1</ijR>
			<data>2.66918e-05	5.42291e-07	-1.25823e-05	5.42291e-07	-4.08138e-06	-1.18687e-05	-1.25823e-05	-1.18687e-05	1.45629e-05</data>
		</spin_bilinear_term>
	</spin_bilinear_list>
	<description>Exchange parameters generated by TB2J 0.9.0.1
Generation time: 25/06/22 15:51:41
 Input from non-collinear Siesta data.
 working directory: /Users/s2601697/2d/dft/nft/bulk/spin_y
 fdf_fname: nft_bulk.fdf.
Warning: The DMI component parallel to the spin orientation, the Jani which has the component of that orientation should be disregarded
 e.g. if the spins are along z, the xz, yz, zz, zx, zy components and the z component of DMI.
 If you need these component, try to do three calculations with spin along x, y, z,  or use structure with z rotated to x, y and z. And then use TB2J_merge.py to get the full set of parameters.

</description>
</System_definition>
